,Unnamed: 0,Reservoir,Genbank.accession,TGG.W..AAG.K.,ApU,CAT.H..GTT.V.,AGA.Bias,AAT.N..ATA.I.,CpA,TTT.F..ACT.T.,K.Bias,TGG.W..TGG.W.,GCT.Bias,CAG.Q..AGC.S.,tga,GTA.Bias,ApC,GAG.E..AAA.K.,AAC.N..AAG.K.,aca,GpG,CGA.R..CCC.P.,C.Bias,GCA.Bias,AAT.N..GGT.G.,GCT.A..CAG.Q.,AGA.R..GAA.E.,cag,bird,camelid,carnivore,human,rodent,swine,yangochiroptera,yinpterochiroptera,CatBoost25
0,2,0,MZ411658.1,-1.03182523804671,0.791527516131864,0.100349263442248,0.435684647302905,-9999.0,1.2695386873044698,-0.39337212859389,0.0593926553672316,0,0.5406797116374871,-9999.0,0.15010897955763097,0.221354166666667,1.24596403492674,-0.414692865041033,-0.20757136063190804,0.192894819272307,0.952782600461091,-9999,0.0306497175141243,0.274974253347065,0.207420066639581,-0.571673455146015,0.39773335240483904,0.104215788355298,0,0,0.3842925270580321,0,0,0,0,0.615707472941968,yinpterochiroptera
1,3,0,MZ436120.1,-1.03858202050959,0.7914620133400259,0.0994823445129507,0.435684647302905,-1.50764704181297,1.2690422012332099,-0.396538616731029,0.0594598416289593,0,0.540763673890609,-9999.0,0.15023909616431602,0.22106179286335897,1.24499903173,-0.46818154999202005,-0.214328143094788,0.192958839163115,0.9536023702639781,-9999,0.0306843891402715,0.27347781217750305,0.207420066639581,-0.576027564014567,0.39773335240483904,0.104399371935268,0,0,0.38423431002571895,0,0,0,0,0.615765689974281,yinpterochiroptera
2,4,0,MZ467310.1,-1.0363991041665401,0.790541847857929,0.10443520612092501,0.43478260869565205,-9999.0,1.27022971119463,-0.39160531055353903,0.0594059405940594,0,0.5402892561983471,-9999.0,0.150570692962961,0.221447253705318,1.2457517814537802,-0.469371318127608,-0.22030853739089898,0.193488135702404,0.9527282396307059,-9999,0.0306930693069307,0.273760330578512,0.21126622522705898,-0.583446501050798,0.39980589200681105,0.105015865474167,0,0,0.38425338409475496,0,0,0,0,0.615746615905245,yinpterochiroptera
3,5,0,MZ498767.1,-1.04096297401533,0.7912311185137869,0.19405054821755602,0.440082644628099,-9999.0,1.26864660989498,-0.42085595918298707,0.0592932862190813,0,0.5414937759336099,0.590058478058614,0.150757188786403,0.221354166666667,1.24814234900603,-0.46393374785170793,-0.22341688439413399,0.19331543825242198,0.9533865704706079,-9999,0.0306713780918728,0.271784232365145,0.210837840720004,-0.5734781444407271,0.38657821961305605,0.10411142383494802,0,0,0.38469145902763596,0,0,0,0,0.615308540972364,yinpterochiroptera
4,6,0,MZ498771.1,-1.04096297401533,0.791364684570251,0.192306889653439,0.440082644628099,-9999.0,1.2686409209023302,-0.4197037807677729,0.0592932862190813,0,0.540540540540541,0.591108346921451,0.15076645000139002,0.220970537261698,1.24812969858296,-0.46393374785170793,-0.22341688439413399,0.19332731387738,0.9533865704706079,-9999,0.0306713780918728,0.272349272349272,0.210837840720004,-0.5717162120784001,0.38657821961305605,0.10411781953844,0,0,0.3847058936761,0,0,0,0,0.6152941063238989,yinpterochiroptera
5,7,0,MZ500507.1,-1.0365928275301801,0.7911156271813521,0.19578515402976399,0.440082644628099,-9999.0,1.268210349025,-0.422004647562382,0.0591519434628975,0,0.541017653167186,0.590058478058614,0.150765286263211,0.220970537261698,1.2485786098760099,-0.46632038382943897,-0.216428935366906,0.193325821619812,0.9532381173520219,-9999,0.0306713780918728,0.272066458982347,0.209602073946093,-0.572598481123875,0.38657821961305605,0.104357470874376,0,0,0.3846797984513279,0,0,0,0,0.6153202015486721,yinpterochiroptera
6,8,0,MZ512916.1,-1.03858202050959,0.7912226595546741,0.0994823445129507,0.435684647302905,-9999.0,1.2701824974707399,-0.394649995193944,0.0594598416289593,0,0.541795665634675,-9999.0,0.15034059399781197,0.22106179286335897,1.2456970517363701,-0.46818154999202005,-0.21841812834631302,0.19288530899242398,0.9533747666201159,-9999,0.0306843891402715,0.27347781217750305,0.209341296817474,-0.577934142285148,0.39773335240483904,0.10421065021152001,0,0,0.384151895691882,0,0,0,0,0.6158481043081179,yinpterochiroptera
7,9,0,MZ512948.1,-1.0365928275301801,0.791968302181822,0.192306889653439,0.440082644628099,-9999.0,1.26801034739292,-0.41809074824124604,0.0591519434628975,0,0.54006243496358,0.590058478058614,0.150332423076807,0.220970537261698,1.24750932010449,-0.46632038382943897,-0.208232168162728,0.193421334149778,0.9536926354608829,-9999,0.0306713780918728,0.27263267429760696,0.205763297638928,-0.57083132536423,0.38657821961305605,0.104131535093011,0,0,0.38420702267915396,0,0,0,0,0.6157929773208461,yinpterochiroptera
8,10,0,MZ512988.1,-1.04117238291919,0.7924774113180659,0.13011941419175801,0.433054393305439,-9999.0,1.26855029708013,-0.37778835164332897,0.0594806118818926,0,0.542619542619543,-9999.0,0.150590741933399,0.221347331583552,1.24520544786303,-0.464842520895674,-0.199327017191237,0.19289956942897302,0.9538428985409529,-9999,0.0305940946282462,0.27338877338877304,0.206384621076178,-0.581142940687871,0.403063071519709,0.10445738765856401,0,0,0.384164673932636,0,0,0,0,0.615835326067364,yinpterochiroptera
9,11,0,MZ530308.1,-1.0365928275301801,0.7919861299933509,0.194925795288429,0.443298969072165,-9999.0,1.2671318151201398,-0.420239572495704,0.0591519434628975,0,0.541968911917098,0.5953147922114339,0.150693498259757,0.22154648132059102,1.2474965080676599,-0.46632038382943897,-0.216428935366906,0.193542448244161,0.953543969887052,-9999,0.030530035335689,0.271502590673575,0.209602073946093,-0.570148768604588,0.37929634141567,0.10399295726551899,0,0,0.38461686584588,0,0,0,0,0.61538313415412,yinpterochiroptera
10,12,0,MZ530313.1,-1.0365928275301801,0.7919861299933509,0.194925795288429,0.443298969072165,-9999.0,1.2671318151201398,-0.420239572495704,0.0591519434628975,0,0.541968911917098,0.5953147922114339,0.150693498259757,0.22154648132059102,1.2474965080676599,-0.46632038382943897,-0.216428935366906,0.193542448244161,0.953543969887052,-9999,0.030530035335689,0.271502590673575,0.209602073946093,-0.570148768604588,0.37929634141567,0.10399295726551899,0,0,0.38461686584588,0,0,0,0,0.61538313415412,yinpterochiroptera
11,13,0,MZ538686.1,-1.03858202050959,0.7908449137459509,0.10094631742275698,0.435684647302905,-9999.0,1.26871103155648,-0.39463747547400496,0.0594598416289593,0,0.5418821096173729,-9999.0,0.150103283826306,0.22106179286335897,1.24598523974079,-0.46818154999202005,-0.21841812834631302,0.193503754070014,0.9536023702639781,-9999,0.0306843891402715,0.27197518097207896,0.209341296817474,-0.5863903131302,0.39773335240483904,0.105024342357703,0,0,0.38422115384615396,0,0,0,0,0.615778846153846,yinpterochiroptera
12,14,0,MZ538797.1,-1.0362067224806801,0.790591254323062,0.10469866704130802,0.434237995824635,-9999.0,1.26851082467127,-0.39885689101671296,0.0596012443438914,0,0.5398138572905901,-9999.0,0.150566936530913,0.22106179286335897,1.24666255004724,-0.46556114724531894,-0.220116155705042,0.19348330856759102,0.9536023702639781,-9999,0.0307550904977376,0.274043433298862,0.21126622522705898,-0.582566216691797,0.399583271753184,0.104533733005538,0,0,0.38422876866425,0,0,0,0,0.61577123133575,yinpterochiroptera
13,15,0,MZ558291.1,-1.03858202050959,0.790730321702144,0.0994823445129507,0.435684647302905,-9999.0,1.2700514528258702,-0.395271464397542,0.0594598416289593,0,0.541795665634675,-9999.0,0.15025167585028001,0.22106179286335897,1.2460057282456898,-0.46818154999202005,-0.21841812834631302,0.19321501447200498,0.95412832598415,-9999,0.0306843891402715,0.27347781217750305,0.207802695525245,-0.577934142285148,0.39773335240483904,0.10440811341033801,0,0,0.38423471276191795,0,0,0,0,0.6157652872380821,yinpterochiroptera
14,16,0,MZ562746.1,-1.0387828955218101,0.7911125889912571,0.10604592568246002,0.43685300207039296,-9999.0,1.26797580229848,-0.389352943542811,0.0591766118211991,0,0.5428276573787411,0.5647971466774201,0.15056302460100698,0.22202948829141397,1.24617429263035,-0.4665980244482879,-0.21861900335853898,0.19371803165225196,0.951488330255375,-9999,0.0307181696207895,0.27141382868937003,0.228348242881721,-0.5514604022600071,0.36551113444288,0.10453101707967999,0,0,0.38431316007641597,0,0,0,0,0.615686839923584,yinpterochiroptera
15,17,0,MZ562747.1,-1.03997692551442,0.7911796744843059,0.10604592568246002,0.43685300207039296,-9999.0,1.26834083523558,-0.389352943542811,0.0591059953393122,0,0.5428276573787411,0.565844815709864,0.150354779428566,0.22202948829141397,1.2460968934896999,-0.464473661236275,-0.219813033351147,0.19375863122532896,0.9522405003985649,-9999,0.0307181696207895,0.27141382868937003,0.22756898426457503,-0.5514604022600071,0.36495646190910397,0.104552924770103,0,0,0.384189373689979,0,0,0,0,0.615810626310021,yinpterochiroptera
16,18,0,MZ562748.1,-0.913179565071242,0.7911850093670529,0.10605045861306801,0.43685300207039296,-9999.0,1.2692237518550902,-0.389352943542811,0.0591059953393122,0,0.541623843782117,0.5647971466774201,0.15012823570022102,0.22154648132059102,1.2456792370491299,-0.45980062992179105,0.178918042575673,0.19353592046338397,0.950658863548529,-9999,0.0307887861026764,0.273381294964029,0.225602415292534,-0.549240267768421,0.364591737346841,0.104562157772039,0,0,0.384169601115291,0,0,0,0,0.6158303988847089,yinpterochiroptera
17,19,0,MZ562749.1,-1.0387828955218101,0.7904376894112719,0.10226973577316198,0.43685300207039296,-9999.0,1.26748088590414,-0.39182412542658096,0.0591766118211991,0,0.543298969072165,0.58279657385403,0.150097963577968,0.22154648132059102,1.24743132581074,-0.4665980244482879,-0.226749129441789,0.193736668643766,0.951338593394098,-9999,0.0306475531389026,0.271134020618557,0.229455984608525,-0.5523282784569971,0.36551113444288,0.104780846778869,0,0,0.384333189987579,0,0,0,0,0.615666810012421,yinpterochiroptera
18,20,0,MZ562756.1,-1.03997692551442,0.7909972832648341,0.10692495085330801,0.43801652892562004,-9999.0,1.2678107872278999,-0.392410503293961,0.0591059953393122,0,0.542739443872297,0.5647971466774201,0.15035358629092,0.22173913043478302,1.24601211482027,-0.464473661236275,-0.219813033351147,0.19351729527396,0.9509619297803851,-9999,0.0307181696207895,0.27188465499485104,0.224411229922381,-0.5512978816631011,0.362296573777217,0.104312296709012,0,0,0.38417383779626,0,0,0,0,0.61582616220374,yinpterochiroptera
19,21,0,MZ571142.1,-1.0387828955218101,0.7906908155601808,0.10605045861306801,0.43685300207039296,-9999.0,1.26864209386725,-0.389352943542811,0.0591766118211991,0,0.542739443872297,0.5647971466774201,0.150434078642314,0.22154648132059102,1.24683662645805,-0.4665980244482879,-0.21861900335853898,0.193860822237623,0.950508821065062,-9999,0.0307181696207895,0.27188465499485104,0.22637779889442197,-0.5512978816631011,0.36551113444288,0.10460806744505399,0,0,0.384322046116435,0,0,0,0,0.6156779538835649,yinpterochiroptera
20,22,0,MZ576113.1,-1.03858202050959,0.7927103081503158,0.0895682692034066,0.435684647302905,-9999.0,1.26869663450028,-0.3949678051572221,0.0593884612668597,0,0.5398138572905901,-9999.0,0.150649236361111,0.220486111111111,1.245526089487,-0.4652360397622629,-0.171737405599785,0.19280228182940196,0.951488330255375,-9999,0.0306475531389026,0.274043433298862,0.209265587993575,-0.5784345908998101,0.39662206193898103,0.104424589910086,0,0,0.38422475636573405,0,0,0,0,0.615775243634266,yinpterochiroptera
21,23,0,MZ604925.1,-1.03977178864518,0.791158363564067,0.0966109413316405,0.435684647302905,-9999.0,1.26894010586893,-0.392184817629814,0.0593094683329803,0,0.541795665634675,-9999.0,0.150305577217689,0.221354166666667,1.24711451065274,-0.46458588097584397,-0.218301560567846,0.19331830201766398,0.952530169447379,-9999,0.0306432253053732,0.27347781217750305,0.20872640255363603,-0.573735311546574,0.39662206193898103,0.104186377848827,0,0,0.3841630601166429,0,0,0,0,0.6158369398833571,yinpterochiroptera
22,24,0,MZ604926.1,-1.03977178864518,0.791215960998805,0.0966109413316405,0.435684647302905,-9999.0,1.2687747931922901,-0.392184817629814,0.0593094683329803,0,0.541795665634675,-9999.0,0.150313705695116,0.221354166666667,1.2469520413314,-0.46458588097584397,-0.218301560567846,0.193328756609458,0.952530169447379,-9999,0.0306432253053732,0.27347781217750305,0.20872640255363603,-0.573735311546574,0.39662206193898103,0.104192012214739,0,0,0.38416363094608796,0,0,0,0,0.615836369053912,yinpterochiroptera
23,25,0,MZ637362.1,-1.03858202050959,0.7918310965465891,0.10442609277366802,0.435684647302905,-9999.0,1.26757592319321,-0.39775522654561996,0.0593884612668597,0,0.540763673890609,-9999.0,0.150895803553553,0.22154648132059102,1.24530710745678,-0.46131686173884295,-0.222491453733949,0.19318507333926202,0.950811672618297,-9999,0.0307181696207895,0.27450980392156893,0.208885271721317,-0.580192570900741,0.395150391327525,0.104762054696416,0,0,0.38428308713054604,0,0,0,0,0.615716912869454,yinpterochiroptera
24,26,0,MZ672101.1,-1.0362067224806801,0.791879252977888,0.103440626770697,0.435684647302905,-9999.0,1.26764745459655,-0.399654562349272,0.0595296942306334,0,0.540763673890609,-9999.0,0.150300455629566,0.22173913043478302,1.24538505095178,-0.469475980852075,-0.216042830317406,0.19296948450048,0.952622742470903,-9999,0.0306475531389026,0.27347781217750305,0.209341296817474,-0.580192570900741,0.39773335240483904,0.104515149369204,0,0,0.38416933210615,0,0,0,0,0.61583066789385,yinpterochiroptera
25,27,0,MZ684694.1,-1.0342061915524499,0.792974941078905,0.19668317147403103,0.437759336099585,-9999.0,1.2697352785429,-0.565674185130707,0.0592932862190813,0,0.541968911917098,0.592157114715535,0.150715096833189,0.221932114882507,1.2452837050908998,-0.46761699326800504,-0.20734134659693,0.193021088926716,0.954375022394248,-9999,0.0306713780918728,0.271502590673575,0.231910893656512,-0.5743552138945711,0.39187145918038396,0.103601605638125,0,0,0.38460335297698794,0,0,0,0,0.6153966470230121,yinpterochiroptera
26,28,0,MZ684714.1,-1.0365928275301801,0.79184810900448,0.10431284662538301,0.43685300207039296,-9999.0,1.2678528609886102,-0.390669325037581,0.0591059953393122,0,0.542739443872297,0.58279657385403,0.150842629277781,0.22057541412380102,1.24693982410633,-0.467792054440895,-0.215122599452851,0.19376922807066396,0.9521730541492041,-9999,0.0306475531389026,0.27188465499485104,0.194792044318179,-0.5512978816631011,0.36551113444288,0.10455864286981299,0,0,0.384302068514745,0,0,0,0,0.615697931485255,yinpterochiroptera
27,29,0,MZ685740.1,-1.0365928275301801,0.7914184572336759,0.10431284662538301,0.43685300207039296,-9999.0,1.26782275623373,-0.390669325037581,0.0591059953393122,0,0.542739443872297,0.58279657385403,0.150610698222362,0.22057541412380102,1.24691021592472,-0.467792054440895,-0.215122599452851,0.19377936968737,0.9533043638735621,-9999,0.0306475531389026,0.27188465499485104,0.22421457999643601,-0.5512978816631011,0.36551113444288,0.10456411532635301,0,0,0.3842924665450779,0,0,0,0,0.615707533454922,yinpterochiroptera
28,30,0,MZ685892.1,-1.03200320853643,0.7927839385852209,0.19405054821755602,0.437759336099585,-9999.0,1.2684310988410399,-0.42327623681466797,0.0592226148409894,0,0.541968911917098,0.589007505812639,0.150662486854422,0.221354166666667,1.2466067509600902,-0.45799868314891207,-0.233005836311163,0.193194002282225,0.95460264746586,-9999,0.0306713780918728,0.272538860103627,0.20898717968225503,-0.5743552138945711,0.387831049643379,0.103805732569554,0,0,0.384584654925951,0,0,0,0,0.6154153450740489,yinpterochiroptera
29,31,0,MZ685898.1,-1.03200320853643,0.792846441260921,0.19405054821755602,0.437759336099585,-9999.0,1.26853110129286,-0.42422455362352707,0.0592226148409894,0,0.541968911917098,0.590058478058614,0.15070286746358802,0.221354166666667,1.2462685114215801,-0.45799868314891207,-0.233005836311163,0.193245782202112,0.954375022394248,-9999,0.0306713780918728,0.271502590673575,0.20898717968225503,-0.5743552138945711,0.387831049643379,0.10383355461605999,0,0,0.38457984073007107,0,0,0,0,0.6154201592699289,yinpterochiroptera
30,32,0,MZ702637.1,-1.0365928275301801,0.7923948339461758,0.105184306375523,0.433884297520661,-9999.0,1.2667013216260201,-0.389027020687384,0.0591143442333498,0,0.543859649122807,0.578913073827633,0.150567715705926,0.221254355400697,1.24665720026558,-0.463875045424319,-0.215122599452851,0.19379289724829699,0.952942507608486,-9999,0.0306518821950703,0.270381836945304,0.22617728916428498,-0.557243238090057,0.37085615064723604,0.10422071549660601,0,0,0.384306081639716,0,0,0,0,0.615693918360284,yinpterochiroptera
31,33,0,MZ702699.1,-1.0365928275301801,0.79197272840499,0.10431284662538301,0.435684647302905,-9999.0,1.26780274244807,-0.40759480756076394,0.0591143442333498,0,0.542739443872297,0.583845341648115,0.15028698681677,0.22057541412380102,1.24688334346646,-0.463875045424319,-0.215122599452851,0.19398064752068697,0.9531697639142691,-9999,0.0306518821950703,0.27188465499485104,0.22617728916428498,-0.5512978816631011,0.36671535798120497,0.104432650583538,0,0,0.384307014929678,0,0,0,0,0.615692985070322,yinpterochiroptera
32,34,0,MZ716284.1,-1.03200320853643,0.7908623450617959,0.18938704471504997,0.43595041322314004,-9999.0,1.2679207693737,-0.420239572495704,0.0592226148409894,0,0.5409326424870471,0.590058478058614,0.150225029514295,0.22067767158992202,1.24830026228229,-0.46880959925312804,-0.21996944245641,0.193799917883024,0.954068413159687,-9999,0.0306713780918728,0.271502590673575,0.21345564326208302,-0.572441337712286,0.3670247149731629,0.10424268874950302,0,0,0.38460779287053704,0,0,0,0,0.6153922071294631,yinpterochiroptera
33,35,0,MZ716401.1,-1.0387828955218101,0.791444491863208,0.194056607923842,0.43866943866943897,-9999.0,1.26887156401407,-0.426844464518103,0.0592226148409894,0,0.541968911917098,0.590058478058614,0.150678096623073,0.22173913043478302,1.2483566126866998,-0.465126353836831,-0.21861900335853898,0.193522667228356,0.954523381399841,-9999,0.0307420494699647,0.271502590673575,0.209602073946093,-0.5743552138945711,0.389794615235544,0.103982328660012,0,0,0.384561315667848,0,0,0,0,0.615438684332152,yinpterochiroptera
34,36,0,MZ724326.1,-1.04096297401533,0.79198336090743,0.10507997140013,0.4375,-9999.0,1.2671852040253702,-0.39351758870618103,0.059301668080294,0,0.5414078674948241,0.583923242741592,0.15075069017568202,0.22145328719723198,1.244938579101,-0.4624642398723479,-0.21409812905981002,0.192999291244026,0.94699238384152,-9999,0.030746395250212,0.272256728778468,0.22500535366085297,-0.5857374595175561,0.3919113143889099,0.10442125832232699,0,0,0.38427331443996504,0,0,0,0,0.6157266855600351,yinpterochiroptera
35,37,0,MZ724466.1,-1.0387828955218101,0.791179046999242,0.100659609978191,0.43685300207039296,-9999.0,1.26727491035757,-0.389352943542811,0.0591766118211991,0,0.543298969072165,0.565844815709864,0.15046525464606603,0.22154648132059102,1.2459138953567,-0.4665980244482879,-0.219927048018554,0.19342104504741603,0.9511886056462819,-9999,0.0307181696207895,0.271134020618557,0.22699468264399103,-0.5523282784569971,0.36551113444288,0.104389769969759,0,0,0.384300956408901,0,0,0,0,0.6156990435910991,yinpterochiroptera
36,38,0,MZ724506.1,-1.0365928275301801,0.7913172823829201,0.103894732273949,0.43595041322314004,-9999.0,1.2676986411372,-0.39182412542658096,0.0591059953393122,0,0.543298969072165,0.5869357551125861,0.15022502727687698,0.22154648132059102,1.24675936557815,-0.467792054440895,-0.216428935366906,0.193660698102938,0.951338593394098,-9999,0.0306475531389026,0.271134020618557,0.225602415292534,-0.548189097198442,0.36757938750693897,0.104629571713607,0,0,0.384317617150519,0,0,0,0,0.615682382849481,yinpterochiroptera
37,39,0,MZ724507.1,-1.0321824258460501,0.791442076150841,0.103894732273949,0.434156378600823,-9999.0,1.2678985620709902,-0.39182412542658096,0.0589647623755385,0,0.543298969072165,0.5869357551125861,0.150480247510115,0.22154648132059102,1.24695598430794,-0.470184400079515,-0.212018533682773,0.19392031896040302,0.9520913013138391,-9999,0.0306475531389026,0.271134020618557,0.225602415292534,-0.548189097198442,0.37170310469080103,0.10464017211229701,0,0,0.38431408358645097,0,0,0,0,0.615685916413549,yinpterochiroptera
38,40,0,MZ733553.1,-1.03977178864518,0.791919015381095,0.192306889653439,0.43892339544513503,-9999.0,1.26759272006261,-0.41550209391407306,0.0593639575971732,0,0.541017653167186,0.590058478058614,0.15032983722501903,0.220970537261698,1.2470772731470001,-0.456720475101386,-0.21960789648190196,0.19290324712714396,0.954671490538422,-9999,0.0306713780918728,0.272066458982347,0.209602073946093,-0.572598481123875,0.386270347356653,0.103667455750373,0,0,0.38467129743286105,0,0,0,0,0.615328702567139,yinpterochiroptera
39,41,0,MZ741279.1,-1.04096297401533,0.792152129997617,0.10507997140013,0.4375,-9999.0,1.26686091558942,-0.38739531263658894,0.059301668080294,0,0.540372670807453,0.583923242741592,0.15076126743898802,0.22145328719723198,1.24462763730481,-0.4624642398723479,-0.21409812905981002,0.193252898548385,0.94721846378911,-9999,0.030746395250212,0.272256728778468,0.22500535366085297,-0.5838235833352711,0.3919113143889099,0.10442858492987199,0,0,0.384256076159338,0,0,0,0,0.615743923840662,yinpterochiroptera
40,42,0,MZ780381.1,-1.0365928275301801,0.7911837601789449,0.10518127124848099,0.43685300207039296,-9999.0,1.26575722155191,-0.39233811467434293,0.0591059953393122,0,0.544421487603306,0.5556587738126639,0.150593951881901,0.22086956521739104,1.24784968322078,-0.463875045424319,-0.216428935366906,0.193518024153971,0.95232320160395,-9999,0.0307181696207895,0.271694214876033,0.22715563689659804,-0.558275762704246,0.36403729482457897,0.104312689599724,0,0,0.384304920877974,0,0,0,0,0.6156950791220259,yinpterochiroptera
41,43,0,MZ780417.1,-1.04096297401533,0.7917476464532309,0.100950834654868,0.4375,-9999.0,1.26830253835423,-0.39093250796451895,0.059301668080294,0,0.54356846473029,0.5786903684249339,0.150926743273569,0.22077922077922102,1.24602863013933,-0.4624642398723479,-0.21818811431133497,0.193637331990096,0.946540466699855,-9999,0.030746395250212,0.271784232365145,0.226919229843137,-0.589720219375647,0.3919113143889099,0.10461694764272801,0,0,0.384248640383145,0,0,0,0,0.615751359616855,yinpterochiroptera
42,44,0,MZ780900.1,-1.04096297401533,0.7922989648078009,0.10215257944480098,0.4375,-9999.0,1.26762238001299,-0.39351758870618103,0.0593058598996254,0,0.543950361944157,0.5828788562236861,0.150866304670184,0.22116218560277498,1.2449317212313502,-0.4624642398723479,-0.21409812905981002,0.193080087852939,0.947224954318008,-9999,0.0307485686011168,0.27197518097207896,0.22579025028684802,-0.590422546949566,0.3919113143889099,0.10457505379364099,0,0,0.38444456194152204,0,0,0,0,0.615555438058478,yinpterochiroptera
43,45,0,MZ784987.1,-1.04096297401533,0.792199144686265,0.10799526796360699,0.44234800838574395,-9999.0,1.26863930219774,-0.53467479181837,0.059301668080294,0,0.5418821096173729,0.602296942080788,0.150842888557892,0.22077922077922102,1.24462031368797,-0.4624642398723479,-0.21818811431133497,0.193665909551998,0.9458554052007109,-9999,0.0310998020921685,0.27197518097207896,0.22451538253174302,-0.5866130185328979,0.380891098616717,0.10465176478896801,0,0,0.384346061266253,0,0,0,0,0.6156539387337471,yinpterochiroptera
44,46,0,MZ817811.1,-1.0342061915524499,0.7910485975606941,0.19405054821755602,0.437759336099585,-9999.0,1.26855220724749,-0.420239572495704,0.0592932862190813,0,0.541968911917098,0.590058478058614,0.150661189947001,0.221354166666667,1.24805652015892,-0.46761699326800504,-0.214042299389175,0.19374162605005701,0.953920016430562,-9999,0.0306007067137809,0.271502590673575,0.209602073946093,-0.5743552138945711,0.39187145918038396,0.104211334260465,0,0,0.38458872625230395,0,0,0,0,0.6154112737476961,yinpterochiroptera
45,47,0,MZ849085.1,-1.03858202050959,0.7912784246996128,0.0980497781358203,0.43478260869565205,-9999.0,1.26744198027403,-0.397348686364789,0.0594010453453878,0,0.540763673890609,-9999.0,0.1507907115791,0.22086956521739104,1.24692190687655,-0.4652360397622629,-0.222491453733949,0.193598919969977,0.951213862701035,-9999,0.0306540471818053,0.27347781217750305,0.21400573523135996,-0.580192570900741,0.398694601540954,0.104615565449615,0,0,0.3842514761234771,0,0,0,0,0.6157485238765229,yinpterochiroptera
46,48,0,MZ849971.1,-1.04096297401533,0.7919357484689091,0.10388568213163599,0.4375,-9999.0,1.2678221786385802,-0.39351758870618103,0.0593058598996254,0,0.543950361944157,0.5828788562236861,0.151070037916407,0.222510822510822,1.24512794342715,-0.4624642398723479,-0.21409812905981002,0.193100652599032,0.946772710373954,-9999,0.0307485686011168,0.27197518097207896,0.22579025028684802,-0.590422546949566,0.3919113143889099,0.10447609935395401,0,0,0.384442703250958,0,0,0,0,0.615557296749042,yinpterochiroptera
47,49,0,MZ854551.1,-1.04096297401533,0.7917513918788691,0.0974753720149106,0.4375,-9999.0,1.2662967666685903,-0.39422317193062106,0.059301668080294,0,0.5398138572905901,0.5776404995620971,0.15080446836754002,0.221837088388215,1.24578110033511,-0.4624642398723479,-0.21818811431133497,0.19330827553482502,0.94721846378911,-9999,0.030746395250212,0.27197518097207896,0.226919229843137,-0.582788922094495,0.3919113143889099,0.104698643643706,0,0,0.38430617362308206,0,0,0,0,0.6156938263769179,yinpterochiroptera
48,50,0,MZ861063.1,-1.04096297401533,0.791809141798043,0.10594464936148401,0.4375,-9999.0,1.2673813083255001,-0.39351758870618103,0.059301668080294,0,0.54300518134715,0.58496653965417,0.15050418296839702,0.222126188418323,1.24513124060619,-0.4624642398723479,-0.215583946172947,0.193299302087207,0.94729189126966,-9999,0.0308170766186033,0.27046632124352304,0.22648419816911702,-0.588683412647207,0.3919113143889099,0.10458357762180999,0,0,0.384344597746476,0,0,0,0,0.6156554022535239,yinpterochiroptera
49,51,0,MZ861798.1,-1.03977178864518,0.792044852077522,0.10257520049426799,0.43632567849686804,-9999.0,1.26698549004522,-0.395415122482372,0.0593723494486853,0,0.5418821096173729,0.581833377822133,0.15052275125475598,0.22077922077922102,1.2443062317036202,-0.46311637299648406,-0.216996928941182,0.19332315017384,0.947670866631039,-9999,0.030746395250212,0.27197518097207896,0.226919229843137,-0.5866130185328979,0.39459908665054605,0.10483693218382402,0,0,0.38441567807305393,0,0,0,0,0.615584321926946,yinpterochiroptera
50,52,0,MZ908711.1,-1.04096297401533,0.7923302149341049,0.10507997140013,0.4375,-9999.0,1.26799793620269,-0.39101110710333703,0.059301668080294,0,0.5418821096173729,0.5828788562236861,0.150603527721102,0.220970537261698,1.24488793255113,-0.465405418463165,-0.21409812905981002,0.19359879321085896,0.947523204945068,-9999,0.030746395250212,0.27197518097207896,0.22740343634486604,-0.5866130185328979,0.453643346140529,0.104725898064435,0,0,0.384291559880945,0,0,0,0,0.615708440119055,yinpterochiroptera
51,53,0,MZ942542.1,-1.0365928275301801,0.7934765092874271,0.10334836923585199,0.43958333333333294,-9999.0,1.2677061674571901,-0.39371010031649,0.0591603053435115,0,0.5418821096173729,0.5828788562236861,0.151425958517059,0.220970537261698,1.2436965809523202,-0.464850875850079,-0.24334507787059098,0.19362268262611299,0.94691270784422,-9999,0.030746395250212,0.27197518097207896,0.21999043732280102,-0.5866130185328979,0.38716071163031196,0.10464787579045198,0,0,0.38432120531365505,0,0,0,0,0.6156787946863449,yinpterochiroptera
52,54,0,MZ943384.1,-1.03858202050959,0.7923456995463349,0.10257520049426799,0.43632567849686804,-9999.0,1.26691062403125,-0.39308792762987504,0.0594430308170766,0,0.5418821096173729,0.5828788562236861,0.15051365767856,0.22077922077922102,1.24335236862571,-0.46376653178290295,-0.21041424377365198,0.193071033731443,0.94744462470606,-9999,0.030746395250212,0.27197518097207896,0.22439806518515,-0.5866130185328979,0.39459908665054605,0.104830598638741,0,0,0.38442287766636496,0,0,0,0,0.615577122333635,yinpterochiroptera
53,55,0,MZ962700.1,-1.02996194158937,0.791391825345356,0.10084659159365,0.43685300207039296,-9999.0,1.26752298362537,-0.3989691558345129,0.0589315997738835,0,0.5414937759336099,-9999.0,0.150459026509454,0.222510822510822,1.247895132881,-0.40488723224576006,-0.20718708188537602,0.19372200537798698,0.9538356037062751,-9999,0.0306670435274166,0.271784232365145,0.20888642908328897,-0.577650736249592,0.39099848855259906,0.104311849049685,0,0,0.3842711427719939,0,0,0,0,0.615728857228006,yinpterochiroptera
54,56,0,MZ964828.1,-1.04096297401533,0.7910121672270259,0.0805842216362047,0.43866943866943897,-9999.0,1.26725112041098,-0.433094827005062,0.0592723419286471,0,0.542443064182195,-9999.0,0.150637754474678,0.221837088388215,1.24805695542025,-0.46393374785170793,-0.22079908185205502,0.193334442844889,0.9533551921209019,-9999,0.0306605439773932,0.27122153209109695,0.225602415292534,-0.581345928294594,0.389794615235544,0.10410316153186301,0,0,0.384185123045194,0,0,0,0,0.615814876954806,yinpterochiroptera
55,57,0,MZ965576.1,-1.04313313634788,0.790971887547563,0.0780637101633567,0.43958333333333294,-9999.0,1.2679454339723302,-0.39242666940073795,0.0593429883433416,0,0.542443064182195,-9999.0,0.150925707278293,0.22202948829141397,1.24746659019339,-0.462742562481555,-0.222969244184607,0.19394434040379302,0.9520696498375891,-9999,0.0306605439773932,0.27122153209109695,0.225602415292534,-0.581345928294594,0.38771344903171995,0.10430216076238699,0,0,0.384246208270548,0,0,0,0,0.615753791729452,yinpterochiroptera
56,58,0,MZ965901.1,-1.04313313634788,0.790971887547563,0.0780637101633567,0.43958333333333294,-9999.0,1.2679454339723302,-0.39242666940073795,0.0593429883433416,0,0.542443064182195,-9999.0,0.150925707278293,0.22202948829141397,1.24746659019339,-0.462742562481555,-0.222969244184607,0.19394434040379302,0.9520696498375891,-9999,0.0306605439773932,0.27122153209109695,0.225602415292534,-0.581345928294594,0.38771344903171995,0.10430216076238699,0,0,0.384246208270548,0,0,0,0,0.615753791729452,yinpterochiroptera
57,59,0,MZ970734.1,-1.0342061915524499,0.7906887998868871,0.193182115683602,0.437759336099585,-9999.0,1.26855220724749,-0.4197037807677729,0.0592932862190813,0,0.544132917964694,0.592157114715535,0.15068523806466,0.22067767158992202,1.24849259860761,-0.46761699326800504,-0.214042299389175,0.19377255054640805,0.954375022394248,-9999,0.0306713780918728,0.269989615784008,0.209602073946093,-0.578340123691551,0.39187145918038396,0.10422796818210499,0,0,0.384600388456068,0,0,0,0,0.6153996115439321,yinpterochiroptera
58,60,0,MZ970735.1,-1.02996194158937,0.79069596193213,-0.000177226056258303,0.43685300207039296,-9999.0,1.2674291803930702,-0.416392778491148,0.0589732711073398,0,0.54356846473029,-9999.0,0.15025132029082502,0.223090277777778,1.24821247331612,-0.471382722571624,-0.203097096633851,0.193283298422117,0.9505205197944929,-9999,0.0308301513223024,0.271784232365145,0.206136287107687,-0.5795349678701689,0.39449867131613203,0.103853712585018,0,0,0.384347591937221,0,0,0,0,0.615652408062779,yinpterochiroptera
59,61,0,MZ970738.1,-1.02996194158937,0.7909928494849939,0.108644454645724,0.43685300207039296,-9999.0,1.26796574655194,-0.416392778491148,0.0589315997738835,0,0.54356846473029,-9999.0,0.15016661928927402,0.222318339100346,1.24874752648708,-0.471382722571624,-0.203097096633851,0.193414605644585,0.951341117536554,-9999,0.030808366308648995,0.271784232365145,0.20458876154572897,-0.5795349678701689,0.39449867131613203,0.103795167252746,0,0,0.38428904843512995,0,0,0,0,0.61571095156487,yinpterochiroptera
60,62,0,MZ970739.1,-1.02996194158937,0.791121609115236,0.105172228934975,0.43685300207039296,-9999.0,1.26873344067106,-0.415243270071195,0.0589315997738835,0,0.54356846473029,-9999.0,0.15012844767989003,0.222318339100346,1.24863642336015,-0.471382722571624,-0.203097096633851,0.193365440611698,0.951341117536554,-9999,0.030808366308648995,0.271784232365145,0.20458876154572897,-0.5795349678701689,0.39449867131613203,0.10376878303633999,0,0,0.384288124756635,0,0,0,0,0.615711875243365,yinpterochiroptera
61,63,0,MZ970740.1,-1.02996194158937,0.791294569676914,0.108644454645724,0.43685300207039296,-9999.0,1.2673636892601698,-0.41733751167431,0.0589315997738835,0,0.54356846473029,-9999.0,0.15018852152903697,0.222318339100346,1.24814797515699,-0.471382722571624,-0.203097096633851,0.193202514094953,0.951341117536554,-9999,0.030808366308648995,0.271784232365145,0.20458876154572897,-0.5795349678701689,0.39449867131613203,0.10381030608087,0,0,0.38428090349470795,0,0,0,0,0.615719096505292,yinpterochiroptera
62,64,0,MZ970741.1,-1.02996194158937,0.791050493622109,0.106906834747183,0.43685300207039296,-9999.0,1.26900479559259,-0.416392778491148,0.0589315997738835,0,0.542443064182195,-9999.0,0.150136218289805,0.222318339100346,1.24803673012324,-0.471382722571624,-0.203097096633851,0.19337544915726895,0.9508874498665429,-9999,0.030808366308648995,0.27329192546583897,0.20458876154572897,-0.577462428268196,0.39449867131613203,0.10401437203117699,0,0,0.384296060554344,0,0,0,0,0.615703939445656,yinpterochiroptera
63,65,0,MZ970745.1,-1.02996194158937,0.791782721786523,0.108644454645724,0.43685300207039296,-9999.0,1.2682371308103202,-0.41733751167431,0.0589315997738835,0,0.54356846473029,-9999.0,0.15023724197295799,0.222318339100346,1.24727453360684,-0.471382722571624,-0.203097096633851,0.193265188074013,0.951341117536554,-9999,0.030808366308648995,0.271784232365145,0.20458876154572897,-0.5795349678701689,0.39449867131613203,0.103843981651708,0,0,0.384290855243072,0,0,0,0,0.6157091447569281,yinpterochiroptera
64,66,0,MZ970752.1,-1.02996194158937,0.791409918739549,0.108644454645724,0.43685300207039296,-9999.0,1.26790647323482,-0.41733751167431,0.0589315997738835,0,0.54356846473029,-9999.0,0.150192493745424,0.222318339100346,1.2478225552703601,-0.471382722571624,-0.203097096633851,0.193207623954113,0.951341117536554,-9999,0.030808366308648995,0.271784232365145,0.20458876154572897,-0.5795349678701689,0.39449867131613203,0.10381305167683698,0,0,0.38428126044138,0,0,0,0,0.61571873955862,yinpterochiroptera
65,67,0,MZ970753.1,-1.02996194158937,0.79122347645474,0.108644454645724,0.43685300207039296,-9999.0,1.2681777590991101,-0.41733751167431,0.0589315997738835,0,0.54356846473029,-9999.0,0.15019106267045002,0.222318339100346,1.24809645895503,-0.471382722571624,-0.20718708188537602,0.19344608871953897,0.951341117536554,-9999,0.030808366308648995,0.271784232365145,0.206502637728013,-0.5795349678701689,0.39449867131613203,0.10381206251781501,0,0,0.38428736941796293,0,0,0,0,0.615712630582037,yinpterochiroptera
66,68,0,MZ970754.1,-1.02996194158937,0.791409918739549,0.108644454645724,0.43685300207039296,-9999.0,1.26790647323482,-0.41733751167431,0.0589315997738835,0,0.54356846473029,-9999.0,0.150192493745424,0.222318339100346,1.2478225552703601,-0.471382722571624,-0.203097096633851,0.193207623954113,0.951341117536554,-9999,0.030808366308648995,0.271784232365145,0.20458876154572897,-0.5795349678701689,0.39449867131613203,0.10381305167683698,0,0,0.38428126044138,0,0,0,0,0.61571873955862,yinpterochiroptera
67,69,0,MZ970755.1,-1.02996194158937,0.791050493622109,0.106906834747183,0.43685300207039296,-9999.0,1.26900479559259,-0.416392778491148,0.0589315997738835,0,0.542443064182195,-9999.0,0.150158549264887,0.222318339100346,1.24803673012324,-0.471382722571624,-0.203097096633851,0.193404211453174,0.9508874498665429,-9999,0.030808366308648995,0.27329192546583897,0.20458876154572897,-0.577462428268196,0.39449867131613203,0.104029842930714,0,0,0.384294759310985,0,0,0,0,0.615705240689015,yinpterochiroptera
68,70,0,MZ970756.1,-1.02996194158937,0.791409918739549,0.108644454645724,0.43685300207039296,-9999.0,1.26834308014709,-0.416392778491148,0.0589315997738835,0,0.54356846473029,-9999.0,0.150166281206287,0.222318339100346,1.2478225552703601,-0.471382722571624,-0.203097096633851,0.193414170193698,0.951341117536554,-9999,0.030808366308648995,0.271784232365145,0.20458876154572897,-0.5795349678701689,0.39449867131613203,0.10379493356978599,0,0,0.384275728790093,0,0,0,0,0.615724271209907,yinpterochiroptera
69,71,0,MZ970757.1,-1.02996194158937,0.7911658071051441,0.108644454645724,0.43685300207039296,-9999.0,1.26834308014709,-0.416392778491148,0.0589315997738835,0,0.54356846473029,-9999.0,0.150181046290897,0.222318339100346,1.2482591621826298,-0.471382722571624,-0.203097096633851,0.193433187622675,0.951341117536554,-9999,0.030808366308648995,0.271784232365145,0.20458876154572897,-0.5795349678701689,0.39449867131613203,0.103805139196268,0,0,0.38428258277891,0,0,0,0,0.61571741722109,yinpterochiroptera
70,72,0,MZ970764.1,-1.02996194158937,0.791409918739549,0.108644454645724,0.43685300207039296,-9999.0,1.26790647323482,-0.41733751167431,0.0589315997738835,0,0.54356846473029,-9999.0,0.150192493745424,0.222318339100346,1.2478225552703601,-0.471382722571624,-0.203097096633851,0.193207623954113,0.951341117536554,-9999,0.030808366308648995,0.271784232365145,0.20458876154572897,-0.5795349678701689,0.39449867131613203,0.10381305167683698,0,0,0.38428126044138,0,0,0,0,0.61571873955862,yinpterochiroptera
71,73,0,MZ970783.1,-1.04096297401533,0.7912738973969141,0.0780637101633567,0.43866943866943897,-9999.0,1.2669091175598899,-0.39525819559647607,0.0592723419286471,0,0.5418821096173729,-9999.0,0.15046843183988098,0.22202948829141397,1.24643293856219,-0.46393374785170793,-0.22079908185205502,0.19349375020943102,0.9520696498375891,-9999,0.0306605439773932,0.27197518097207896,0.225602415292534,-0.580311267053818,0.389794615235544,0.104318369678128,0,0,0.38421046306200196,0,0,0,0,0.615789536937998,yinpterochiroptera
72,74,0,MZ970793.1,-1.04215558000045,0.791362960012179,0.0780637101633567,0.43866943866943897,-9999.0,1.2670208457842,-0.39640770401642894,0.0592016955139526,0,0.544513457556936,-9999.0,0.150905888572896,0.22202948829141397,1.24783016860193,-0.461810123264307,-0.228815478006373,0.19391887273619,0.9524462609918979,-9999,0.0306605439773932,0.27122153209109695,0.22883367961617399,-0.5851554567112621,0.389241877834137,0.10428846439591902,0,0,0.384213195895123,0,0,0,0,0.6157868041048771,yinpterochiroptera
73,75,0,MZ970801.1,-1.0479064151005402,0.791244149859647,0.0788496158239965,0.43685300207039296,-9999.0,1.2674614484053501,-0.414374453043306,0.0590604026845638,0,0.5428276573787411,-9999.0,0.15101494015286,0.21961805555555605,1.2473983972606,-0.458638891976991,-0.23050951241084502,0.193337598539649,0.9511622687599031,-9999,0.0306605439773932,0.27347781217750305,0.228461972810653,-0.543148629192586,0.393391261380948,0.104604297717348,0,0,0.384481970604508,0,0,0,0,0.615518029395492,yinpterochiroptera
74,76,0,MZ970807.1,-1.04215558000045,0.7911671681256629,-0.0072070223484890705,0.43866943866943897,-9999.0,1.2669271513603,-0.3982980637475979,0.0592016955139526,0,0.545077720207254,-9999.0,0.15068864351974698,0.22202948829141397,1.24774449662532,-0.461810123264307,-0.230248324136297,0.19418887394570197,0.9526733718729959,-9999,0.0306605439773932,0.27046632124352304,0.229516314613671,-0.586191189584794,0.389241877834137,0.10430441991638001,0,0,0.38422225480839706,0,0,0,0,0.615777745191603,yinpterochiroptera
75,77,0,MZ970808.1,-1.04096297401533,0.7911584419511709,0.0789366756279181,0.43866943866943897,-9999.0,1.26707399381152,-0.397459609150834,0.0592723419286471,0,0.5418821096173729,-9999.0,0.150453889961855,0.222222222222222,1.24659515003259,-0.46393374785170793,-0.22079908185205502,0.193475050190564,0.952296697985554,-9999,0.0306605439773932,0.27197518097207896,0.225602415292534,-0.580311267053818,0.389794615235544,0.10430828792882599,0,0,0.384218572719755,0,0,0,0,0.615781427280245,yinpterochiroptera
76,78,0,MZ970810.1,-1.04096297401533,0.791425345740205,0.0780637101633567,0.43866943866943897,-9999.0,1.2678279551772,-0.39431346241331505,0.0592723419286471,0,0.542443064182195,-9999.0,0.15066576656744501,0.22202948829141397,1.24689374745498,-0.46393374785170793,-0.212602314647877,0.193678800404084,0.9524462609918979,-9999,0.0306605439773932,0.27122153209109695,0.221763638985369,-0.581345928294594,0.389794615235544,0.104288584832968,0,0,0.38421487841696905,0,0,0,0,0.615785121583031,yinpterochiroptera
77,79,0,MZ977241.1,-1.0479064151005402,0.78980758407464,0.136591608079001,0.439330543933054,-9999.0,1.26671369791686,-0.3747525214206339,0.0594721491072064,0,0.539501039501039,0.575765934161289,0.151431269572678,0.21998247151621397,1.24829833782254,-0.45667759114975803,-0.22347503387297601,0.19270888980485,0.950181287477486,-9999,0.0305186028313296,0.27338877338877304,0.20763122572407602,-0.575644958920277,0.386999962475617,0.104633967565274,0,0,0.38441703254582205,0,0,0,0,0.615582967454178,yinpterochiroptera
78,80,0,MZ977726.1,-1.0387828955218101,0.7914717621123009,0.13952432802213402,0.43866943866943897,-9999.0,1.26607464623807,-0.404918704390839,0.0592016955139526,0,0.5414078674948241,0.5866650506319511,0.150889296562418,0.21923743500866602,1.24730828643516,-0.478767153183336,-0.21452901810701397,0.193589288276425,0.9488997671441128,-9999,0.0306605439773932,0.270186335403727,0.272632784941833,-0.5777627773105389,0.424832194238719,0.10387132815823101,0,0,0.384358557099007,0,0,0,0,0.6156414429009929,yinpterochiroptera
79,81,0,MZ978262.1,-1.03539879753757,0.7907240026140641,0.143885433931146,0.43866943866943897,-9999.0,1.2653317151766899,-0.44734158360367,0.0592100614710662,0,0.5414078674948241,0.585615181769114,0.15086971567825197,0.22019147084421198,1.2491933927149401,-0.469915182560877,-0.219308230761934,0.19380402268366798,0.9492934680588699,-9999,0.0306648767045856,0.272256728778468,0.21162194387608302,-0.5777627773105389,0.42075886885108293,0.10385784878963901,0,0,0.38434836122716903,0,0,0,0,0.615651638772832,yinpterochiroptera
80,82,0,MZ978268.1,-1.04117238291919,0.791888067996538,0.142134159864505,0.440993788819876,-9999.0,1.26446615421079,-0.41194126758618,0.0590604026845638,0,0.5418821096173729,0.585615181769114,0.150853734542574,0.21980886185925302,1.24832217639651,-0.45345818060829496,-0.21691850550439498,0.193064000487714,0.9485219592077411,-9999,0.0306605439773932,0.27197518097207896,0.20777578528860502,-0.5786383363258821,0.410489550716722,0.10384684746730499,0,0,0.38432347993270793,0,0,0,0,0.615676520067292,yinpterochiroptera
81,83,0,MZ978279.1,-1.0387828955218101,0.790955732512611,0.140392007035356,0.43958333333333294,-9999.0,1.2664242428438799,-0.41194126758618,0.0592016955139526,0,0.5414078674948241,0.5795728673131509,0.150896291273061,0.21942758022549896,1.2481081897448998,-0.46268101543171203,-0.22269232874617498,0.193358363698072,0.9495037771804871,-9999,0.0306605439773932,0.272256728778468,0.21162194387608302,-0.5838050917665021,0.416647245096877,0.104355940705535,0,0,0.384339677976125,0,0,0,0,0.615660322023875,yinpterochiroptera
82,84,0,MZ978320.1,-1.0387828955218101,0.79053392249924,0.13865589548818,0.43866943866943897,-9999.0,1.26605314995886,-0.413111985037753,0.0592016955139526,0,0.5418821096173729,0.567616855661256,0.15081037718764,0.21980886185925302,1.24904451308376,-0.46268101543171203,-0.219927048018554,0.19324827347096696,0.9499568387401551,-9999,0.0306605439773932,0.27197518097207896,0.21031389921606797,-0.5786383363258821,0.418728411300701,0.10381700051231801,0,0,0.384322538003966,0,0,0,0,0.6156774619960339,yinpterochiroptera
83,85,0,MZ978563.1,-1.0387828955218101,0.792614485714454,0.147401830465228,0.436590436590437,-9999.0,1.26581217076541,-0.41243474481343,0.0592016955139526,0,0.5429162357807651,0.584564209523139,0.150824397670383,0.22057541412380102,1.24705616685676,-0.46268101543171203,-0.221385992832119,0.193026454888169,0.9506370393308661,-9999,0.0306605439773932,0.27197518097207896,0.21100335138055398,-0.580544914596463,0.423479014059299,0.103586867716384,0,0,0.38432486880094996,0,0,0,0,0.61567513119905,yinpterochiroptera
84,86,0,MZ979065.1,-1.0387828955218101,0.791692209335233,0.142134159864505,0.43866943866943897,-9999.0,1.2664480333763601,-0.409628155420349,0.0592016955139526,0,0.5414078674948241,0.5866650506319511,0.15085080615848498,0.21980886185925302,1.24768907180723,-0.46807186406658796,-0.22269232874617498,0.19353990551653003,0.950107787216862,-9999,0.0306605439773932,0.272256728778468,0.210847980889166,-0.5777627773105389,0.42075886885108293,0.10360500518357,0,0,0.38432877976784297,0,0,0,0,0.6156712202321569,yinpterochiroptera
85,87,0,MZ979100.1,-1.04117238291919,0.790902188979785,0.142134159864505,0.440993788819876,-9999.0,1.26634168380558,-0.41005625289040903,0.0590604026845638,0,0.5418821096173729,0.585615181769114,0.15085890192956303,0.21980886185925302,1.25019604552136,-0.46137364094776706,-0.22508181614355602,0.19379013157247502,0.949277367934871,-9999,0.0306605439773932,0.27197518097207896,0.21162194387608302,-0.5786383363258821,0.413443762614154,0.103610565395185,0,0,0.384327479194812,0,0,0,0,0.615672520805188,yinpterochiroptera
86,88,0,MZ983984.1,-1.04096297401533,0.7917093653350121,0.0780637101633567,0.43958333333333294,-9999.0,1.26717387352095,-0.39431346241331505,0.0592723419286471,0,0.540372670807453,-9999.0,0.15090764004365698,0.22202948829141397,1.2466934154551002,-0.46393374785170793,-0.22079908185205502,0.19392112343189702,0.9520696498375891,-9999,0.0306605439773932,0.27122153209109695,0.225602415292534,-0.577521831856191,0.38771344903171995,0.104289674807241,0,0,0.38425425122236206,0,0,0,0,0.6157457487776379,yinpterochiroptera
87,89,0,MZ984080.1,-1.04096297401533,0.7922989648078009,0.10215257944480098,0.4375,-9999.0,1.26762238001299,-0.39351758870618103,0.0593058598996254,0,0.543950361944157,0.5828788562236861,0.15095402391972598,0.22116218560277498,1.2449317212313502,-0.4624642398723479,-0.21409812905981002,0.19325961024117702,0.947224954318008,-9999,0.0307485686011168,0.27197518097207896,0.22579025028684802,-0.590422546949566,0.3919113143889099,0.10456210255586099,0,0,0.38444713115837703,0,0,0,0,0.615552868841623,yinpterochiroptera
88,90,0,MZ984461.1,-1.04096297401533,0.7911386797649219,0.0780637101633567,0.43866943866943897,-9999.0,1.26742054764691,-0.39933177923878604,0.0592765296029391,0,0.541968911917098,-9999.0,0.15112482992563,0.22202948829141397,1.24821720601589,-0.46393374785170793,-0.22079908185205502,0.194027891690801,0.952606087939126,-9999,0.0306627101879327,0.271502590673575,0.225602415292534,-0.5804714409120071,0.389794615235544,0.104124284733449,0,0,0.384333534487526,0,0,0,0,0.6156664655124741,yinpterochiroptera
89,91,0,MZ987731.1,-1.04215558000045,0.791705497988234,0.078918622316489,0.43866943866943897,-9999.0,1.2680405060303501,-0.39620382214448296,0.0592016955139526,0,0.543094496365524,-9999.0,0.151127279480409,0.221070811744387,1.24751781189005,-0.461810123264307,-0.224758677310759,0.194754133684483,0.951239104767573,-9999,0.0308018368067821,0.272066458982347,0.230436307114371,-0.549756307629876,0.389241877834137,0.10436700480864,0,0,0.38420833623972,0,0,0,0,0.61579166376028,yinpterochiroptera
90,92,0,MZ990136.1,-1.0389851731688,0.791956591966268,0.0789366756279181,0.43595041322314004,-1.5144480689074702,1.2663740141536,-0.40242887511151204,0.0590106007067138,0,0.543478260869565,-9999.0,0.15145664990363097,0.222222222222222,1.24715343580839,-0.46207900791342293,-0.216039340414016,0.194385445576953,0.9538410510125859,-9999,0.0306713780918728,0.27122153209109695,0.22352142960025895,-0.579083699832135,0.39490870198272,0.10418674006109599,0,0,0.3843601052343,0,0,0,0,0.6156398947656999,yinpterochiroptera
91,93,0,MZ995597.1,-1.0365928275301801,0.791885506941114,0.102490414493396,0.435684647302905,-9999.0,1.26811164677543,-0.39351758870618103,0.0591603053435115,0,0.54300518134715,0.5828788562236861,0.15048232779903697,0.222126188418323,1.2462852845245602,-0.464850875850079,-0.213817967826186,0.19320298864150603,0.948428193627922,-9999,0.030746395250212,0.27046632124352304,0.226919229843137,-0.588683412647207,0.396069324537574,0.104641618692791,0,0,0.384268128814521,0,0,0,0,0.615731871185479,yinpterochiroptera
92,94,0,MZ995753.1,-1.04096297401533,0.7915501467093359,0.0780637101633567,0.43866943866943897,-9999.0,1.2680278807398,-0.39148860177776,0.0592723419286471,0,0.542443064182195,-9999.0,0.15090371689061702,0.22202948829141397,1.2466541737717,-0.46393374785170793,-0.22079908185205502,0.193367878877325,0.951992282799589,-9999,0.0306605439773932,0.27122153209109695,0.224829474260274,-0.581345928294594,0.389794615235544,0.10388125502963001,0,0,0.38419286445738204,0,0,0,0,0.6158071355426179,yinpterochiroptera
93,95,0,OK012635.1,-1.0387828955218101,0.789167467505127,0.0940091640384243,0.43685300207039296,-9999.0,1.26676705494858,-0.401283052228046,0.0591849706900205,0,0.542355371900826,0.59366162934514,0.150337559499731,0.221354166666667,1.2488760975759,-0.465126353836831,-0.214705104037403,0.19301712184574696,0.953013790843985,-9999,0.0306518821950703,0.271694214876033,0.222220210876006,-0.5756577534571911,0.36495646190910397,0.10406140482118599,0,0,0.384335334291358,0,0,0,0,0.6156646657086421,yinpterochiroptera
94,96,0,OK012654.1,-1.0365928275301801,0.7895887938922149,0.0946651363879424,0.43685300207039296,-9999.0,1.26593553045193,-0.40088241884450504,0.0591143442333498,0,0.542355371900826,0.59366162934514,0.15036195614551598,0.22154648132059102,1.2484863846152399,-0.46632038382943897,-0.21658836143340598,0.192808632760758,0.95361696412933,-9999,0.0306518821950703,0.271694214876033,0.22336599598201604,-0.5756577534571911,0.36495646190910397,0.104078291813643,0,0,0.38435215579597,0,0,0,0,0.6156478442040301,yinpterochiroptera
95,97,0,OK012708.1,-1.04694027812379,0.7896516794403019,0.13999829133795802,0.438155136268344,-9999.0,1.2689304308656002,-0.37845913844466,0.0593298712385288,0,0.5385416666666671,0.578612305616311,0.151527025747631,0.220472440944882,1.25006320800004,-0.466542867156575,-0.222508896896226,0.19331102333889605,0.952005051944813,-9999,0.0305186028313296,0.273958333333333,0.20883098591598,-0.569958861499577,0.393198121485442,0.104459993978161,0,0,0.38437389575706293,0,0,0,0,0.6156261042429371,yinpterochiroptera
96,98,0,OK012710.1,-1.0365928275301801,0.789349391947352,0.10008520385728199,0.43685300207039296,-9999.0,1.26636525916069,-0.40142202527697707,0.0591143442333498,0,0.542355371900826,0.591567387742025,0.150367689610805,0.22154648132059102,1.24934656684254,-0.46632038382943897,-0.21251503604576996,0.19281598476409498,0.9531626444768292,-9999,0.0306518821950703,0.271694214876033,0.21950089966847,-0.5756577534571911,0.36495646190910397,0.10408226043236,0,0,0.384362159694356,0,0,0,0,0.6156378403056441,yinpterochiroptera
97,99,0,OK012716.1,-1.04215558000045,0.7905202690236509,0.14300259239845903,0.43866943866943897,-9999.0,1.2652875291039198,-0.41005625289040903,0.0592016955139526,0,0.542443064182195,0.585615181769114,0.150891432646482,0.220486111111111,1.2491553311105201,-0.4608342928385471,-0.226065013224814,0.193592028848507,0.9495037771804871,-9999,0.0306605439773932,0.27122153209109695,0.21162194387608302,-0.5796729975666579,0.418728411300701,0.10387279862627499,0,0,0.38432898601583504,0,0,0,0,0.615671013984165,yinpterochiroptera
98,100,0,OK012749.1,-1.0365928275301801,0.7894022577869398,0.10008520385728199,0.43685300207039296,-9999.0,1.26593553045193,-0.40034098904014503,0.0591143442333498,0,0.542355371900826,0.59366162934514,0.150393658398793,0.22154648132059102,1.24892261326115,-0.46632038382943897,-0.21251503604576996,0.19308914674805203,0.9533897637098299,-9999,0.0306518821950703,0.271694214876033,0.221452119799732,-0.5756577534571911,0.36495646190910397,0.10410023563807999,0,0,0.384348298299741,0,0,0,0,0.615651701700259,yinpterochiroptera
99,101,0,OK012832.1,-0.9030614349056579,0.789927400426154,0.0948723336687483,0.43866943866943897,-9999.0,1.26723175254557,-0.4022998535254779,0.0591143442333498,0,0.543388429752066,0.592941221861187,0.15010588159024402,0.22154648132059102,1.24802465743292,-0.46632038382943897,-0.21251503604576996,0.193027531437933,0.9536954481798969,-9999,0.0307931351084116,0.271694214876033,0.221452119799732,-0.5814142729192672,0.36080707836229203,0.10406701694914698,0,0,0.38432941628817896,0,0,0,0,0.615670583711821,yinpterochiroptera
100,102,0,OK012856.1,-1.0365928275301801,0.789526700485417,0.10008520385728199,0.435051546391753,-9999.0,1.26624146985277,-0.40034098904014503,0.0591143442333498,0,0.542355371900826,0.592615056774469,0.15040610690600598,0.22154648132059102,1.24966648678202,-0.46632038382943897,-0.21251503604576996,0.19310512928123602,0.9533897637098299,-9999,0.0306518821950703,0.271694214876033,0.221452119799732,-0.5756577534571911,0.313518848039203,0.104108852308145,0,0,0.38435236024173103,0,0,0,0,0.6156476397582691,yinpterochiroptera
101,103,0,OK012862.1,-1.0365928275301801,0.7890959567954581,0.0983430510281331,0.43685300207039296,-9999.0,1.2664064094737,-0.40034098904014503,0.0591143442333498,0,0.542355371900826,0.59366162934514,0.15037608777016298,0.22116218560277498,1.2489567861947,-0.46632038382943897,-0.21251503604576996,0.19306658796647697,0.952935606391652,-9999,0.0306518821950703,0.271694214876033,0.221452119799732,-0.5756577534571911,0.36495646190910397,0.10408807351236099,0,0,0.384345903864868,0,0,0,0,0.6156540961351321,yinpterochiroptera
102,104,0,OK012891.1,-1.04117238291919,0.7915768107186111,0.142134159864505,0.440993788819876,-9999.0,1.26694312643084,-0.41005625289040903,0.0590604026845638,0,0.5418821096173729,0.5877138184260351,0.15058924555063802,0.21980886185925302,1.24904968234415,-0.46137364094776706,-0.22508181614355602,0.19351197636841602,0.949277367934871,-9999,0.0306605439773932,0.27197518097207896,0.21162194387608302,-0.5786383363258821,0.413443762614154,0.10382984605641099,0,0,0.38431751480058,0,0,0,0,0.61568248519942,yinpterochiroptera
103,105,0,OK012900.1,-1.0365928275301801,0.7896557067206099,0.10008520385728199,0.43451143451143504,-9999.0,1.26646507513445,-0.40425488836128204,0.0591143442333498,0,0.542355371900826,0.59366162934514,0.150372264746629,0.22154648132059102,1.2490086302669898,-0.46632038382943897,-0.21251503604576996,0.192821851445438,0.9541410910297181,-9999,0.0306518821950703,0.271694214876033,0.22382178915505,-0.5756577534571911,0.370330959873548,0.104085427272786,0,0,0.38421848226537897,0,0,0,0,0.615781517734621,yinpterochiroptera
104,106,0,OK012902.1,-1.02979008020743,0.789420688736303,0.0979972189660545,0.43685300207039296,-9999.0,1.26552317947745,-0.40034098904014503,0.0591143442333498,0,0.543478260869565,0.59366162934514,0.15036524653824,0.22289679098005202,1.24894046195326,-0.466084451222315,-0.20571228872301703,0.19281285202032603,0.951884634037783,-9999,0.0306518821950703,0.270186335403727,0.221452119799732,-0.5777260065212501,0.36348479129764705,0.104080569374156,0,0,0.38435216401896405,0,0,0,0,0.615647835981036,yinpterochiroptera
105,107,0,OK012906.1,-1.02979008020743,0.7897177432033651,0.10095363639123499,0.43685300207039296,-9999.0,1.2670320154894499,-0.540991452741011,0.0591143442333498,0,0.542355371900826,0.5957514942645991,0.150370310100645,0.222222222222222,1.24782794773832,-0.470003629245736,-0.20831985213009802,0.193059170065421,0.9519568726305591,-9999,0.0306518821950703,0.271694214876033,0.22267597870420702,-0.5756577534571911,0.36495646190910397,0.10408407429614,0,0,0.384339208212976,0,0,0,0,0.6156607917870239,yinpterochiroptera
106,108,0,OK012913.1,-1.0365928275301801,0.789229660543783,0.0966069394809566,0.43685300207039296,-9999.0,1.26610047319205,-0.40034098904014503,0.0591143442333498,0,0.542355371900826,0.59366162934514,0.150136016012463,0.22154648132059102,1.24908533933454,-0.46632038382943897,-0.21251503604576996,0.193066282571938,0.953844245774028,-9999,0.0306518821950703,0.271694214876033,0.221452119799732,-0.5756577534571911,0.36495646190910397,0.104087908864871,0,0,0.384353839573632,0,0,0,0,0.6156461604263679,yinpterochiroptera
107,109,0,OK013022.1,-1.04694027812379,0.790018228899087,0.126597976195976,0.438155136268344,-9999.0,1.26815345290017,-0.373151714718687,0.0593298712385288,0,0.539501039501039,0.5787797303453339,0.15168638746624,0.2215411558669,1.24884592628162,-0.466542867156575,-0.222508896896226,0.193208135934055,0.9527633305974859,-9999,0.0305186028313296,0.27338877338877304,0.20883098591598,-0.5736899240844731,0.393198121485442,0.104404396436415,0,0,0.384393223303724,0,0,0,0,0.615606776696277,yinpterochiroptera
108,110,0,OK013047.1,-1.0365928275301801,0.7896557067206099,0.10768980324250098,0.43685300207039296,-9999.0,1.26624146985277,-0.40034098904014503,0.0591143442333498,0,0.542355371900826,0.58980806002915,0.150183445075169,0.22154648132059102,1.24835793548696,-0.46632038382943897,-0.21251503604576996,0.192887363962357,0.953844245774028,-9999,0.0306518821950703,0.271694214876033,0.221452119799732,-0.5795113227731811,0.36495646190910397,0.104120790994606,0,0,0.38434699026793206,0,0,0,0,0.6156530097320679,yinpterochiroptera
109,111,0,OK013059.1,-1.0365928275301801,0.7895127795180931,0.101836477923923,0.43685300207039296,-9999.0,1.2663477896455,-0.40034098904014503,0.0591143442333498,0,0.543298969072165,0.59366162934514,0.15014946818462802,0.221932114882507,1.24890498262559,-0.46926589405919605,-0.21251503604576996,0.19332343667222002,0.9541410910297181,-9999,0.0306518821950703,0.271134020618557,0.22382178915505,-0.5773960551860781,0.36606775237496103,0.10409723513119601,0,0,0.384348478003864,0,0,0,0,0.615651521996136,yinpterochiroptera
110,112,0,OK013201.1,-1.0365928275301801,0.7898328707991371,0.10008520385728199,0.43685300207039296,-9999.0,1.26566418770853,-0.40034098904014503,0.0591143442333498,0,0.542355371900826,0.59366162934514,0.150379764029323,0.22154648132059102,1.24821276836749,-0.46632038382943897,-0.21251503604576996,0.19283146775051999,0.9533897637098299,-9999,0.0306518821950703,0.271694214876033,0.221452119799732,-0.5756577534571911,0.36495646190910397,0.10409061816383801,0,0,0.38435405204103706,0,0,0,0,0.615645947958963,yinpterochiroptera
111,113,0,OK013374.1,-1.0387828955218101,0.7906716724572029,0.135059558596153,0.43866943866943897,-9999.0,1.26432457363767,-0.41005625289040903,0.0592016955139526,0,0.5418821096173729,0.589761860094442,0.151036039690389,0.21980886185925302,1.24992253327521,-0.46268101543171203,-0.22269232874617498,0.193469974651023,0.9499568387401551,-9999,0.0306605439773932,0.27197518097207896,0.20769266573619397,-0.5744916580005539,0.418728411300701,0.10356757007341001,0,0,0.38434362127060295,0,0,0,0,0.6156563787293969,yinpterochiroptera
112,114,0,OK013505.1,-1.04574195563168,0.789508186197467,0.136591608079001,0.438155136268344,-9999.0,1.26917301099102,-0.37594561327017406,0.0594010101728676,0,0.539501039501039,0.577720968997092,0.151637688555299,0.22085889570552103,1.24943811621058,-0.45639409421316995,-0.22950734160829503,0.19290617341528501,0.9507892089665949,-9999,0.0305186028313296,0.27338877338877304,0.21269199457343899,-0.5736899240844731,0.38912479609780604,0.104850743510547,0,0,0.384393952500409,0,0,0,0,0.615606047499592,yinpterochiroptera
113,115,0,OK013508.1,-1.05245339021967,0.7895264571631941,0.134838759251586,0.438155136268344,-9999.0,1.26872920498059,-0.35995064314163105,0.0594010101728676,0,0.539501039501039,0.57983737190347,0.15161901969149696,0.22085889570552103,1.24942627101823,-0.44722009035462296,-0.23621877619628198,0.19336223080909196,0.951245934892022,-9999,0.0305186028313296,0.27338877338877304,0.21666025374906,-0.5736899240844731,0.387094338547424,0.10411812428181899,0,0,0.38441020416009797,0,0,0,0,0.6155897958399009,yinpterochiroptera
114,116,0,OK013589.1,-1.04574195563168,0.7895173072328109,0.105553099188745,0.438155136268344,-9999.0,1.26822472574287,-0.37791605725747296,0.0594010101728676,0,0.54006243496358,0.5787797303453339,0.15140006520288,0.220472440944882,1.2493614731634999,-0.467205010317385,-0.22131057440411703,0.19314905307181998,0.9517765204562421,-9999,0.0305186028313296,0.273673257023933,0.20883098591598,-0.5747299657798871,0.393198121485442,0.10437246967235,0,0,0.38439243846519894,0,0,0,0,0.615607561534801,yinpterochiroptera
115,117,0,OK013808.1,-1.04117238291919,0.79003653790734,0.145624564804273,0.440993788819876,-9999.0,1.2664242428438799,-0.41060752921985,0.0590604026845638,0,0.5429162357807651,0.5866650506319511,0.150846919263173,0.21980886185925302,1.2507247687590402,-0.46137364094776706,-0.22508181614355602,0.19353491867310102,0.949277367934871,-9999,0.0306605439773932,0.27197518097207896,0.21162194387608302,-0.580544914596463,0.413443762614154,0.10384215586797099,0,0,0.384333101825706,0,0,0,0,0.615666898174294,yinpterochiroptera
116,118,0,OK013935.1,-1.04356759364515,0.7903846241744621,0.135827572081984,0.437238493723849,-9999.0,1.2679523342810501,-0.37992292891390206,0.0593298712385288,0,0.54006243496358,0.562871604764973,0.15170836361978102,0.22066549912434302,1.24864786967608,-0.457592416705279,-0.200253476145541,0.19275603795361398,0.952005051944813,-9999,0.0305186028313296,0.27263267429760696,0.208781386810279,-0.570531135041312,0.391219037700921,0.10393943266988101,0,0,0.384418468816026,0,0,0,0,0.615581531183974,yinpterochiroptera
117,119,0,OK013996.1,-1.0479064151005402,0.7897495142574158,0.137470726307731,0.439330543933054,-9999.0,1.26671369791686,-0.37530713063344,0.0594721491072064,0,0.539501039501039,0.575765934161289,0.151442918393734,0.22017543859649102,1.24829833782254,-0.45667759114975803,-0.22347503387297601,0.192723713898841,0.950409463327652,-9999,0.0305186028313296,0.27338877338877304,0.20763122572407602,-0.575644958920277,0.386999962475617,0.10464201651294501,0,0,0.384418499577021,0,0,0,0,0.615581500422979,yinpterochiroptera
118,120,0,OK014145.1,-1.04694027812379,0.7915367376644219,0.14099185670630998,0.438155136268344,-9999.0,1.26912469655352,-0.378097849157706,0.0593298712385288,0,0.5374220374220371,0.58089389603767,0.151647401011066,0.221052631578947,1.2463050270442502,-0.45573195105235903,-0.24777705910312697,0.19291852913433,0.9523842960120891,-9999,0.0305186028313296,0.27338877338877304,0.21134078400589898,-0.569828915427014,0.38912479609780604,0.10461751082409,0,0,0.38435268699365793,0,0,0,0,0.615647313006342,yinpterochiroptera
119,121,0,OK014299.1,-1.04356759364515,0.7900669969727281,0.135827572081984,0.43632567849686804,-9999.0,1.26721214244647,-0.381308143220735,0.0593298712385288,0,0.54006243496358,0.5586727740263979,0.151405282025488,0.2215411558669,1.24878953601423,-0.457592416705279,-0.19202297700902599,0.19291576346829198,0.951625598277528,-9999,0.0304474638969908,0.27263267429760696,0.20492781749428898,-0.5747299657798871,0.39330890262038,0.10437606605560601,0,0,0.384415315941165,0,0,0,0,0.6155846840588349,yinpterochiroptera
120,122,0,OK014707.1,-1.04574195563168,0.7906392727371371,0.136591608079001,0.438155136268344,-9999.0,1.26878976338539,-0.375585216402633,0.0594010101728676,0,0.539501039501039,0.5787797303453339,0.151379830603439,0.22085889570552103,1.24816260362091,-0.44842798881163703,-0.217186857220255,0.192643429436707,0.950409463327652,-9999,0.0305186028313296,0.27338877338877304,0.206126139986398,-0.5736899240844731,0.386161830967149,0.10435852030506501,0,0,0.38438875752158,0,0,0,0,0.615611242478421,yinpterochiroptera
121,123,0,OK014859.1,-1.04574195563168,0.7897768461240781,0.136591608079001,0.438155136268344,-9999.0,1.2687238958002298,-0.37791605725747296,0.0594010101728676,0,0.539501039501039,0.577720968997092,0.15164538415886097,0.22085889570552103,1.24941436573617,-0.467205010317385,-0.22131057440411703,0.19315590862006798,0.952005051944813,-9999,0.0305186028313296,0.27338877338877304,0.20883098591598,-0.5736899240844731,0.393198121485442,0.10437617422326699,0,0,0.38438747287656205,0,0,0,0,0.615612527123438,yinpterochiroptera
122,124,0,OK015370.1,-1.04574195563168,0.7897143054756289,0.135714799605466,0.438155136268344,-9999.0,1.26788094675546,-0.375808574917909,0.0594010101728676,0,0.539021852237253,0.577720968997092,0.151632913766966,0.22066549912434302,1.24988748229821,-0.467205010317385,-0.22131057440411703,0.193140024655708,0.9515480712472341,-9999,0.0305186028313296,0.27159209157128,0.206852745903874,-0.572801324873482,0.393198121485442,0.10436759096302198,0,0,0.384376937383757,0,0,0,0,0.6156230626162429,yinpterochiroptera
123,125,0,OK015482.1,-1.04117238291919,0.791399850938587,0.14126194792067498,0.439834024896266,-9999.0,1.26621144910963,-0.410862388589238,0.0590604026845638,0,0.5418821096173729,0.585615181769114,0.15079564992110503,0.21961805555555605,1.2487585001212198,-0.46137364094776706,-0.22508181614355602,0.193469140677793,0.9491261133218859,-9999,0.0306605439773932,0.27197518097207896,0.21239835787077396,-0.5786383363258821,0.416077114049594,0.103806862346325,0,0,0.38432973039233403,0,0,0,0,0.615670269607666,yinpterochiroptera
124,126,0,OK016680.1,-1.0387828955218101,0.790729880834733,0.142134159864505,0.43866943866943897,-9999.0,1.26560344829927,-0.446248270013219,0.0592016955139526,0,0.5418821096173729,0.58980806002915,0.150825108769978,0.21980886185925302,1.24901967897672,-0.46807186406658796,-0.225310131288254,0.193267150506522,0.948069635914597,-9999,0.0306605439773932,0.27197518097207896,0.21286514999146397,-0.5786383363258821,0.42075886885108293,0.103827141649286,0,0,0.384326385016249,0,0,0,0,0.615673614983751,yinpterochiroptera
125,127,0,OK016840.1,-1.04574195563168,0.789276001261414,0.135714799605466,0.438155136268344,-9999.0,1.26772032519495,-0.37697310574960297,0.0594010101728676,0,0.54006243496358,0.577720968997092,0.151670220619452,0.22017543859649102,1.25017402311613,-0.467205010317385,-0.22131057440411703,0.19342752819506,0.952005051944813,-9999,0.0305186028313296,0.27263267429760696,0.20883098591598,-0.5747299657798871,0.393198121485442,0.104153284412725,0,0,0.38438208943745894,0,0,0,0,0.615617910562541,yinpterochiroptera
