"","Reservoir","Genbank.accession","NonBrCpG","agc","NonBrCpA","GGA.Bias","M.Bias","GCA.Bias","NonBrGpC","CpG","tga","E.Bias","aca","P.Bias","ctc","brGpC","AGT.Bias","K.Bias","tcg","NonBrUpU","brApU","C.Bias","ATA.Bias","tac","ApU","brGpU","L.Bias","Artiodactyl","Carnivore","Fish","Galloanserae","Insect","Neoaves","Plant","Primate","Pterobat","Rodent","Vespbat"
"2",0,"MZ411658.1",0.324693966239574,0.0719459103673651,1.28576494442912,0.193816884661118,0.0220338983050847,0.274974253347065,1.29085649992806,0.380897066578468,0.150106417643539,0.0478813559322034,0.192891527131108,0.0390536723163842,0.0678825200808362,0.704881366890117,0.246861924686193,0.0593926553672316,0.027299406824316,1.07982082203549,0.469901063974388,0.0306497175141243,0.306539509536785,0.14604302735701,0.791527516131864,0.523150887107601,0.0963276836158192,0,0,0,0,0,0,0,0.186255301138291,0.442910279373141,0,0.370834419488568
"3",0,"MZ436120.1",0.323236099767579,0.0719983239472799,1.28485323082034,0.193816884661118,0.0218467194570136,0.273477812177503,1.28996983373503,0.37952966692911,0.150236502636657,0.047935520361991,0.19295550817871,0.0388150452488688,0.0686384021630735,0.701722177004339,0.246603970741902,0.0594598416289593,0.0274103591316925,1.07895502724205,0.470346294184521,0.0306843891402715,0.308423913043478,0.146396592026136,0.791462013340026,0.525729243762662,0.0965073529411765,0,0,0,0,0,0,0,0.185590141947021,0.441413322901531,0,0.372996535151447
"4",0,"MZ467310.1",0.323102517368448,0.0719274322586491,1.28538325114043,0.193816884661118,0.0218528995756718,0.273760330578512,1.28844562140792,0.378050994064871,0.150568091528105,0.0479490806223479,0.193484792775766,0.0388967468175389,0.0680913025381878,0.703547734713151,0.246603970741902,0.0594059405940594,0.0271431650771225,1.08006642491073,0.470633923462289,0.0306930693069307,0.306539509536785,0.146252445592586,0.790541847857929,0.524975168255295,0.0963932107496464,0,0,0,0,0,0,0,0.186196146157793,0.442956350597029,0,0.370847503245178
"5",0,"MZ498767.1",0.325132902195829,0.0726122580976306,1.28289858964728,0.192857142857143,0.0220494699646643,0.271784232365145,1.28274318252336,0.379593732527793,0.150754588831836,0.0480565371024735,0.193312104339387,0.0393639575971731,0.0687652510461005,0.709800147455682,0.245798319327731,0.0592932862190813,0.0267383572152312,1.08053106185732,0.472335708887418,0.0306713780918728,0.306849315068493,0.145224516195261,0.791231118513787,0.519899674870363,0.0964664310954064,0,0,0,0,0,0,0,0,0.443253976055203,0,0.556746023944797
"6",0,"MZ498771.1",0.32521763842262,0.0723762603426883,1.28333414834981,0.192857142857143,0.0220494699646643,0.272349272349272,1.28110048448546,0.380351851001146,0.150763837989587,0.0480565371024735,0.193323964503393,0.0393639575971731,0.0687694699601623,0.709800147455682,0.245540398740819,0.0592932862190813,0.0267399976779581,1.08073620734791,0.473072018341387,0.0306713780918728,0.306849315068493,0.145233426069713,0.791364684570251,0.519844577405879,0.0964664310954064,0,0,0,0,0,0,0,0,0.443247721623861,0,0.556752278376139
"7",0,"MZ500507.1",0.325210388588154,0.0721352508669337,1.28289858964728,0.192857142857143,0.0219081272084806,0.272066458982347,1.28206040729129,0.380343372100764,0.150762674311892,0.0480565371024735,0.193322472323382,0.0393639575971731,0.0687689391598102,0.705901443582931,0.245798319327731,0.0591519434628975,0.0267397912840424,1.08021564740615,0.47223560595028,0.0306713780918728,0.306849315068493,0.145472755914983,0.791115627181352,0.519957463662769,0.0964664310954064,0,0,0,0,0,0,0,0,0.443243987103587,0,0.556756012896413
"8",0,"MZ512916.1",0.322248177364365,0.0719423633442095,1.28577803333468,0.193816884661118,0.0219881221719457,0.273477812177503,1.28998424231089,0.378872697265822,0.150338028383747,0.047935520361991,0.19288201733813,0.0388150452488688,0.0678791733878921,0.703678234835081,0.246861924686193,0.0594598416289593,0.0272980609294952,1.07981198777318,0.470403562697145,0.0306843891402715,0.306539509536785,0.146035827253528,0.791222659554674,0.523708072560861,0.0962952488687783,0,0,0,0,0,0,0,0.186266101637911,0.442852498346394,0,0.370881400015695
"9",0,"MZ512948.1",0.32528791192274,0.072052984551131,1.28269627162336,0.192857142857143,0.0220494699646643,0.272632674297607,1.28236602359816,0.38175270015879,0.150329814943888,0.0480565371024735,0.193417978462837,0.0393639575971731,0.0682229255716689,0.70581076579079,0.245798319327731,0.0591519434628975,0.0268603856812458,1.08021564740615,0.472220855219604,0.0306713780918728,0.306849315068493,0.14554224121956,0.791968302181822,0.520235798791404,0.0964664310954064,0,0,0,0,0,0,0,0,0.443520634154283,0,0.556479365845717
"10",0,"MZ512988.1",0.321530450396925,0.0719476768129237,1.28404163835477,0.193317422434368,0.0221273568125222,0.273388773388773,1.2861218015877,0.3768903566564,0.150588160771236,0.047812166488794,0.192896263083154,0.0386339381003202,0.0678841867603665,0.708565434807385,0.24868282402529,0.0594806118818926,0.0273000770905714,1.07707014925915,0.469660442546279,0.0305940946282462,0.305898491083676,0.146285641892057,0.792477411318066,0.523600918804556,0.0964781216648879,0,0,0,0,0,0,0,0.186238177200428,0.442970234858126,0,0.370791587941445
"11",0,"MZ530308.1",0.326439479609539,0.0722160704178853,1.28116877003322,0.192857142857143,0.0220494699646643,0.271502590673575,1.28399528646419,0.380623919564094,0.150690866938654,0.0480565371024735,0.193539068719933,0.0392932862190813,0.068605266896991,0.706562988048464,0.245540398740819,0.0591519434628975,0.027010919176753,1.07976662503465,0.472713906878179,0.030530035335689,0.306849315068493,0.145635742009402,0.791986129993351,0.517997708952296,0.0964664310954064,0,0,0,0,0,0,0,0,0.442898593019536,0,0.557101406980464
"12",0,"MZ530313.1",0.326439479609539,0.0722160704178853,1.28116877003322,0.192857142857143,0.0220494699646643,0.271502590673575,1.28399528646419,0.380623919564094,0.150690866938654,0.0480565371024735,0.193539068719933,0.0392932862190813,0.068605266896991,0.706562988048464,0.245540398740819,0.0591519434628975,0.027010919176753,1.07976662503465,0.472713906878179,0.030530035335689,0.306849315068493,0.145635742009402,0.791986129993351,0.517997708952296,0.0964664310954064,0,0,0,0,0,0,0,0,0.442898593019536,0,0.557101406980464
"13",0,"MZ538686.1",0.323151747967014,0.0721730155024465,1.28320720250522,0.193816884661118,0.0219174208144796,0.271975180972079,1.28765067671519,0.379430624740455,0.150100690048277,0.047935520361991,0.193500410333802,0.0388857466063348,0.0685763536003312,0.701087851872584,0.247379454926625,0.0594598416289593,0.0271453559984336,1.07994610622766,0.470545424707038,0.0306843891402715,0.306122448979592,0.146983583066444,0.790844913745951,0.524983218042623,0.0966487556561086,0,0,0,0,0,0,0,0.186253536290967,0.442930081674653,0,0.37081638203438
"14",0,"MZ538797.1",0.32216048493644,0.0716858819999156,1.28497049669848,0.193816884661118,0.0220588235294118,0.274043433298862,1.28665941368461,0.378769595777492,0.150564327411194,0.0478648190045249,0.193479955765658,0.0388857466063348,0.0685691045216584,0.703246213636241,0.246861924686193,0.0596012443438914,0.0271424865133866,1.0792461091095,0.470545424707038,0.0307550904977376,0.306957708049113,0.146488541478088,0.790591254323062,0.523845002856497,0.0965073529411765,0,0,0,0,0,0,0,0.186093364716431,0.442655794664873,0,0.371250840618695
"15",0,"MZ558291.1",0.322087192772414,0.0720043615556783,1.2856453796994,0.193357058125741,0.0219881221719457,0.273477812177503,1.28933980860588,0.378683424925883,0.150249101112849,0.047935520361991,0.193211703507737,0.0388150452488688,0.0681641289393755,0.703519103619605,0.246861924686193,0.0594598416289593,0.0274126576992899,1.07945050022884,0.470453335584956,0.0306843891402715,0.306957708049113,0.146408868496546,0.790730321702144,0.523763485540711,0.0963659502262444,0,0,0,0,0,0,0,0.186257389442172,0.442867594090128,0,0.370875016467699
"16",0,"MZ562746.1",0.325050471880982,0.0724032715412896,1.28418210946558,0.194278903456496,0.0220323423487042,0.27141382868937,1.28933393861605,0.380815110854216,0.150560445456721,0.0479485912011864,0.193714713262788,0.0392627639291011,0.0692865744219626,0.703090836811767,0.245283018867925,0.0591766118211991,0.0271417867068738,1.07991331736776,0.469039595353593,0.0307181696207895,0.307797537619699,0.145286034947091,0.791112588991257,0.524230480018594,0.0964621142574677,0,0,0,0,0,0,0,0,0.443484242296624,0,0.556515757703376
"17",0,"MZ562747.1",0.325015354444194,0.072418445354225,1.28455180797745,0.194047619047619,0.0220323423487042,0.27141382868937,1.28919464300813,0.380773968780169,0.150352202771851,0.0480192076830732,0.193755310749052,0.0391921474472142,0.06930109505752,0.703135920898231,0.245026178010471,0.0591059953393122,0.0271474749083246,1.07975591281055,0.469775341510415,0.0307181696207895,0.307797537619699,0.145316483061789,0.791179674484306,0.524090371845447,0.0964621142574677,0,0,0,0,0,0,0,0,0.443450525878383,0,0.556549474121617
"18",0,"MZ562748.1",0.3248426341522,0.0731442924181828,1.28608275122722,0.194047619047619,0.0220323423487042,0.273381294964029,1.29245899120131,0.381230045540214,0.150125662471418,0.0478073582374126,0.193532603217946,0.0392627639291011,0.0690673974309398,0.707214536734417,0.245283018867925,0.0591059953393122,0.027149872202297,1.07975591281055,0.469061869157772,0.0307887861026764,0.307797537619699,0.145569132779793,0.791185009367053,0.52309720250684,0.0964621142574677,0,0,0,0,0,0,0,0,0.443551466954217,0,0.556448533045783
"19",0,"MZ562749.1",0.325001025444701,0.072410239319169,1.28368086742441,0.194047619047619,0.0220323423487042,0.271134020618557,1.28913780609524,0.382733429889592,0.150095396734436,0.0479485912011864,0.193733355529432,0.0392627639291011,0.0690534732580154,0.703204403414386,0.245540398740819,0.0591766118211991,0.0273846146329349,1.07973217617225,0.469718212075719,0.0306475531389026,0.306849315068493,0.14577955465581,0.790437689411272,0.524259679024205,0.0965327307393546,0,0,0,0,0,0,0,0,0.443567291684798,0,0.556432708315202
"20",0,"MZ562756.1",0.324136134708994,0.0728974592463248,1.28401498529725,0.193087008343266,0.0220323423487042,0.271884654994851,1.29160343922151,0.380242669271215,0.150351009695545,0.0480192076830732,0.193513978986132,0.0392627639291011,0.0690607508649393,0.703545323454826,0.245283018867925,0.0591059953393122,0.0271472594874096,1.07959854266496,0.468833726225302,0.0307181696207895,0.308321964529332,0.14579491849265,0.790997283264834,0.524402872004941,0.0964621142574677,0,0,0,0,0,0,0,0,0.44352619400638,0,0.55647380599362
"21",0,"MZ571142.1",0.325173843648806,0.0729364802930467,1.28506921294435,0.194278903456496,0.0220323423487042,0.271884654994851,1.29180004148629,0.380300548158553,0.150431490604409,0.0479485912011864,0.193857487094677,0.0392627639291011,0.0693376408049029,0.70383949431835,0.245283018867925,0.0591766118211991,0.0269214212243493,1.07993697481,0.468784135181699,0.0307181696207895,0.307797537619699,0.14563303795355,0.790690815560181,0.524093317797521,0.0964621142574677,0,0,0,0,0,0,0,0,0.443522597418641,0,0.556477402581359
"22",0,"MZ576113.1",0.325856312038307,0.0720900433654622,1.28494642196078,0.193816884661118,0.0220323423487042,0.274043433298862,1.28757813267416,0.381098715378019,0.150646635471348,0.0480192076830732,0.192798953186701,0.0390509144834404,0.0684975162874492,0.702500496593139,0.246861924686193,0.0593884612668597,0.027354097151143,1.08066499730496,0.471518843270579,0.0306475531389026,0.307588075880759,0.146575104782933,0.792710308150316,0.52450235802778,0.0966033472212414,0,0,0,0,0,0,0,0.18621766655265,0.443006779299865,0,0.370775554147485
"23",0,"MZ604925.1",0.324600741371339,0.0719256073643317,1.28429171453206,0.193816884661118,0.022029231095107,0.273477812177503,1.28850660141916,0.380787682103484,0.150303013395896,0.048012426745746,0.193315004510778,0.0390453999858787,0.0678633637590372,0.704643757779954,0.246603970741902,0.0593094683329803,0.0272917029821276,1.07975844318287,0.469851686380782,0.0306432253053732,0.306539509536785,0.146240769790601,0.791158363564067,0.52292687345038,0.0963072795311728,0,0,0,0,0,0,0,0.186281764517919,0.442895343166109,0,0.370822892315972
"24",0,"MZ604926.1",0.324558453624938,0.0719294969454118,1.28412440190641,0.193816884661118,0.022029231095107,0.273477812177503,1.28833873969411,0.38073807453677,0.150311141457355,0.048012426745746,0.193325458567568,0.0391160064957989,0.0678670336627805,0.704484588193828,0.246861924686193,0.0593094683329803,0.0272931788583204,1.07991566475351,0.469901348328396,0.0306432253053732,0.306539509536785,0.146248678174724,0.791215960998805,0.522982145289874,0.0963072795311728,0,0,0,0,0,0,0,0.186280198111383,0.442900027749048,0,0.370819774139569
"25",0,"MZ637362.1",0.324762844569326,0.0723230204709841,1.28402390037761,0.194278903456496,0.0220323423487042,0.274509803921569,1.28915007204043,0.38097785984281,0.150893212145442,0.0479485912011864,0.193181755676649,0.0391215309653273,0.0687188832382108,0.705090531362645,0.246346555323591,0.0593884612668597,0.0274424987955439,1.07992040030697,0.471959450768922,0.0307181696207895,0.306122448979592,0.146327971650596,0.791831096546589,0.522110394176961,0.0965327307393546,0,0,0,0,0,0,0,0.186093364716431,0.442552118359112,0,0.371354516924456
"26",0,"MZ672101.1",0.323730512079901,0.0721525646362585,1.28299958639962,0.193816884661118,0.0221735753124779,0.273477812177503,1.28898203892364,0.380268014098854,0.150297867199117,0.0478779747192995,0.192966161236505,0.0391215309653273,0.0685569218802988,0.704498852241979,0.246861924686193,0.0595296942306334,0.0273778204399016,1.07904054988724,0.46997652059467,0.0306475531389026,0.30570652173913,0.145743386374901,0.791879252977888,0.524181066835434,0.0964621142574677,0,0,0,0,0,0,0,0.186181681559594,0.44297181886238,0,0.370846499578026
"27",0,"MZ684694.1",0.32578624595391,0.0723516141379078,1.28334472068735,0.192857142857143,0.0220494699646643,0.271502590673575,1.28433058055386,0.380356513513903,0.150712498553051,0.0480565371024735,0.193017761304784,0.0392226148409894,0.0689864227826563,0.706882482956014,0.245283018867925,0.0592932862190813,0.0267308919372708,1.07965663289759,0.474070235019665,0.0306713780918728,0.306957708049113,0.145183969897994,0.792974941078905,0.51982404010203,0.0964664310954064,0,0,0,0,0,0,0,0,0.443267092048799,0,0.556732907951201
"28",0,"MZ684714.1",0.325349905362283,0.0726622139738953,1.28448177860455,0.194510739856802,0.0220323423487042,0.271884654994851,1.2915105665749,0.38116591420397,0.150840041549769,0.0479485912011864,0.193765903930387,0.0392627639291011,0.0690650746682569,0.704159242904713,0.245540398740819,0.0591059953393122,0.0271489591418322,1.08045635539145,0.46929862723246,0.0306475531389026,0.308321964529332,0.145804046521876,0.79184810900448,0.522639889414963,0.0963914977755808,0,0,0,0,0,0,0,0,0.4419795508347,0,0.5580204491653
"29",0,"MZ685740.1",0.325148920762982,0.0726660168844246,1.28445127900141,0.193816884661118,0.0220323423487042,0.271884654994851,1.29071273713208,0.380930449317486,0.150608114202702,0.0479485912011864,0.193776045025132,0.0392627639291011,0.0690686893158888,0.70384162484296,0.245540398740819,0.0591059953393122,0.0271503800325116,1.08009439428792,0.469397907669784,0.0306475531389026,0.308321964529332,0.145811677444654,0.791418457233676,0.522750454231848,0.0963914977755808,0,0,0,0,0,0,0,0,0.441988919357547,0,0.558011080642453
"30",0,"MZ685892.1",0.32475003123045,0.0723263633561877,1.28159980238744,0.192857142857143,0.0220494699646643,0.272538860103627,1.28612893465962,0.380302664567285,0.150659899748604,0.0480565371024735,0.193190684845099,0.0392932862190813,0.0687220595344508,0.706198447594824,0.246056782334385,0.0592226148409894,0.0267215628307189,1.07997165416162,0.474248861523774,0.0306713780918728,0.307065217391304,0.144893013633825,0.792783938585221,0.517387064744296,0.0966077738515901,0,0,0,0,0,0,0,0,0.442891777224055,0,0.557108222775945
"31",0,"MZ685898.1",0.324711310587642,0.0723457435639224,1.28170084305303,0.192857142857143,0.0221201413427562,0.271502590673575,1.28597558674801,0.380257320264845,0.150700269815878,0.0480565371024735,0.193242451247155,0.0392932862190813,0.0687404739511024,0.706084286837049,0.245798319327731,0.0592226148409894,0.0267287230059942,1.07963289266408,0.473577939514419,0.0306713780918728,0.307065217391304,0.144451135820324,0.792846441260921,0.518272159365008,0.0965371024734982,0,0,0,0,0,0,0,0,0.442889010480239,0,0.557110989519761
"32",0,"MZ702637.1",0.327082859920126,0.0725210015122157,1.28202574321019,0.19500594530321,0.0220354544812487,0.270381836945304,1.28856812488171,0.382857689464808,0.150565125656156,0.0478847376227135,0.19378956364357,0.0392683099088919,0.0691591007798613,0.703583455723101,0.245540398740819,0.0591143442333498,0.0271859200960406,1.07887862720191,0.470307937705527,0.0306518821950703,0.309264305177112,0.145762410324222,0.792394833946176,0.523921571473028,0.0965463662688043,0,0,0,0,0,0,0,0,0.443551806538752,0,0.556448193461248
"33",0,"MZ702699.1",0.325229909752049,0.0725014265294313,1.28487248839417,0.19500594530321,0.0220354544812487,0.271884654994851,1.29103423141695,0.381684561134636,0.150284413931867,0.0478847376227135,0.193977326608545,0.0391976834522212,0.06914043324661,0.704104743040097,0.245283018867925,0.0591143442333498,0.0271785820297321,1.07957968239692,0.470166084840791,0.0306518821950703,0.308321964529332,0.145963136853954,0.79197272840499,0.523615203533013,0.0964757398121336,0,0,0,0,0,0,0,0,0.443592638147069,0,0.556407361852931
"34",0,"MZ716284.1",0.326025378149641,0.0719815726713494,1.28151076300949,0.192857142857143,0.0220494699646643,0.271502590673575,1.28335444307995,0.381458729722403,0.150222412531512,0.0480565371024735,0.193796541807479,0.0393639575971731,0.0686111980312193,0.705219021793666,0.245798319327731,0.0592226148409894,0.0265308748109476,1.08102812664309,0.47244323014924,0.0306713780918728,0.306849315068493,0.145889073708487,0.790862345061796,0.520206862934669,0.0964664310954064,0,0,0,0,0,0,0,0,0.443286516853933,0,0.556713483146067
"35",0,"MZ716401.1",0.324506954648268,0.0722087056487398,1.28225836792729,0.192857142857143,0.0220494699646643,0.271502590673575,1.28516626246372,0.380018006636545,0.15067549912037,0.0480565371024735,0.193519331138623,0.0393639575971731,0.068357574680807,0.706334622506108,0.245798319327731,0.0592226148409894,0.0262847315593308,1.08012921649925,0.472092938589972,0.0307420494699647,0.30968622100955,0.145139498353967,0.791444491863208,0.519821157178865,0.0964664310954064,0,0,0,0,0,0,0,0,0.443153543284974,0,0.556846456715026
"36",0,"MZ724326.1",0.324890666803329,0.0720134189828308,1.2853605511858,0.194477791116447,0.0220525869380831,0.272256728778468,1.2886669436315,0.382448973756503,0.150748090404059,0.0481340118744699,0.192995962873986,0.0392281594571671,0.0691328822235175,0.70053752516223,0.245302713987474,0.059301668080294,0.0271756137795941,1.07875481843825,0.47201135449701,0.030746395250212,0.306957708049113,0.145227061615375,0.79198336090743,0.524952640205248,0.0963387051173311,0,0,0,0,0,0,0,0,0.443398159349064,0,0.556601840650936
"37",0,"MZ724466.1",0.325163101426623,0.0724716539653643,1.28456749409495,0.194278903456496,0.0220323423487042,0.271134020618557,1.29076902876344,0.381606140734557,0.150462672305574,0.0479485912011864,0.193417725483721,0.0392627639291011,0.0691120408676322,0.703704065630695,0.245026178010471,0.0591766118211991,0.0271674212000289,1.07959854266496,0.469512060857447,0.0307181696207895,0.307797537619699,0.1456632250231,0.791179046999242,0.524347403116427,0.0964621142574677,0,0,0,0,0,0,0,0,0.443546779216476,0,0.556453220783524
"38",0,"MZ724506.1",0.32525493249583,0.0719915913302597,1.28347669184603,0.194047619047619,0.0220323423487042,0.271134020618557,1.29014494500626,0.381713912187608,0.150222453909142,0.0479485912011864,0.193657380678399,0.0392627639291011,0.0686319837348476,0.704271227410883,0.245540398740819,0.0591059953393122,0.0274077959685478,1.07863117107494,0.469370566962108,0.0306475531389026,0.306849315068493,0.145662986458225,0.79131728238292,0.523956298930293,0.0965327307393546,0,0,0,0,0,0,0,0,0.443574926432599,0,0.556425073567401
"39",0,"MZ724507.1",0.325177444721561,0.0719988848077043,1.28367910103887,0.194047619047619,0.0220323423487042,0.271134020618557,1.28983758468582,0.381622973792805,0.150477669248102,0.0479485912011864,0.193916996415417,0.0392627639291011,0.0686389368500114,0.704271227410883,0.245540398740819,0.0589647623755385,0.0274105726559082,1.07863117107494,0.469370566962108,0.0306475531389026,0.306849315068493,0.145677743594255,0.791442076150841,0.523956298930293,0.0965327307393546,0,0,0,0,0,0,0,0,0.443580771801338,0,0.556419228198662
"40",0,"MZ733553.1",0.329461068130829,0.0719165435530843,1.28228934397809,0.192857142857143,0.0220494699646643,0.272066458982347,1.28519497748333,0.384644875115731,0.150327223146079,0.0479151943462898,0.192899892741049,0.0393639575971731,0.0683086901975784,0.702408023220035,0.245798319327731,0.0593639575971732,0.0265069064627756,1.08094106971208,0.472020740438284,0.0306713780918728,0.306849315068493,0.144795181334304,0.791919015381095,0.521783408054347,0.0964664310954064,0,0,0,0,0,0,0,0,0.44319359595534,0,0.55680640404466
"41",0,"MZ741279.1",0.32575022375183,0.072018461023352,1.28524314706908,0.194477791116447,0.0219112242013005,0.272256728778468,1.28814906109766,0.382955545403555,0.15075864507555,0.0481340118744699,0.193249537079328,0.0392281594571671,0.0691377225824179,0.698268318047712,0.245302713987474,0.059301668080294,0.0271775164881142,1.07972385749754,0.473510945888798,0.030746395250212,0.306957708049113,0.145477291267171,0.792152129997617,0.525148801180457,0.0963387051173311,0,0,0,0,0,0,0,0,0.443355975972604,0,0.556644024027396
"42",0,"MZ780381.1",0.32595084593401,0.0728977338041092,1.28111893905017,0.193317422434368,0.0219617258668173,0.271694214876033,1.29389606319093,0.383191299563318,0.150591371147963,0.0478779747192995,0.193514707828672,0.0391921474472142,0.0688212157953268,0.704954543608242,0.246575342465753,0.0591059953393122,0.0271473617336538,1.08045635539145,0.469618832363019,0.0307181696207895,0.310109289617486,0.145555672431231,0.791183760178945,0.522805754184692,0.0963208812936939,0,0,0,0,0,0,0,0,0.441817846071201,0,0.558182153928799
"43",0,"MZ780417.1",0.323253966037669,0.0722228502685531,1.28497212989359,0.194477791116447,0.0220525869380831,0.271784232365145,1.28805798123599,0.380873090372896,0.150924162189103,0.0481340118744699,0.19363402048745,0.0390867967203845,0.0683837618821849,0.700311070491093,0.246589716684155,0.059301668080294,0.0271640996030571,1.07997654805876,0.470661617024922,0.030746395250212,0.307901907356948,0.144925586585402,0.791747646453231,0.526775221633943,0.096550749222505,0,0,0,0,0,0,0,0,0.443441810580813,0,0.556558189419187
"44",0,"MZ780900.1",0.323251714295727,0.0719540739455867,1.28514961875627,0.194711538461538,0.0220541457552838,0.271975180972079,1.2910237178314,0.380870444877974,0.15086370837258,0.0481374142927829,0.193076765087324,0.0390895596239485,0.0693157579009152,0.701303468322089,0.245559038662487,0.0593058598996254,0.0269129248453403,1.07854525748489,0.471027857838906,0.0307485686011168,0.307065217391304,0.145347229370085,0.792298964807801,0.524145756680138,0.0964868876793666,0,0,0,0,0,0,0,0,0.443420029693995,0,0.556579970306005
"45",0,"MZ784987.1",0.322454761941273,0.0719318113110051,1.28749038373414,0.194945848375451,0.0220525869380831,0.271975180972079,1.29081121626337,0.379115551967247,0.150840286595318,0.0481340118744699,0.193662568914245,0.0392281594571671,0.0685637666342356,0.699759036991549,0.246603970741902,0.059301668080294,0.0265125338332124,1.07905556008873,0.470091500954483,0.0310998020921685,0.306233062330623,0.145066495720857,0.792199144686265,0.525786481115254,0.0962680237489398,0,0,0,0,0,0,0,0,0.443291936624858,0,0.556708063375142
"46",0,"MZ817811.1",0.325241944891739,0.0722005968048296,1.28236214912489,0.192857142857143,0.0220494699646643,0.271502590673575,1.28416196478531,0.380380278150933,0.150658578666078,0.0480565371024735,0.193738268092959,0.0393639575971731,0.0685905669645881,0.70558268023067,0.245798319327731,0.0592932862190813,0.0265228971008695,1.08105175076444,0.472335708887418,0.0306007067137809,0.306849315068493,0.14560453688974,0.791048597560694,0.520067682520991,0.0964664310954064,0,0,0,0,0,0,0,0,0.443258606840535,0,0.556741393159465
"47",0,"MZ849085.1",0.326631305454505,0.0721474169524662,1.28257872068922,0.195238095238095,0.0220370108772425,0.273477812177503,1.28870896879323,0.382167620403527,0.150788101430654,0.0480293826811697,0.193595568822451,0.0389885577058907,0.0680590633251598,0.704667828017778,0.246603970741902,0.0594010453453878,0.027226180425665,1.08011685511822,0.471553418015953,0.0306540471818053,0.306539509536785,0.147180730583031,0.791278424699613,0.524125347132215,0.0964825540330555,0,0,0,0,0,0,0,0.1862460245789,0.442877335472255,0,0.370876639948845
"48",0,"MZ849971.1",0.323174538286584,0.0720512442568187,1.28535217996972,0.194711538461538,0.0220541457552838,0.271975180972079,1.29071548726728,0.380779512457089,0.15106744212513,0.0481374142927829,0.193097334608274,0.0390895596239485,0.0694093653007354,0.701076656074896,0.245559038662487,0.0593058598996254,0.0269492693792907,1.07854525748489,0.471142393488228,0.0307485686011168,0.305177111716621,0.145303342584584,0.791935748468909,0.523976239941237,0.0964868876793666,0,0,0,0,0,0,0,0,0.443401283789283,0,0.556598716210717
"49",0,"MZ854551.1",0.325226223766291,0.0722792455796824,1.28426671770586,0.194477791116447,0.0221232683064744,0.271975180972079,1.29098946141375,0.382843978689653,0.150801881142992,0.0481340118744699,0.193304959108453,0.0392281594571671,0.0689174202038832,0.701126254706383,0.246848739495798,0.059301668080294,0.0269447327562405,1.08101615923412,0.471061181352018,0.030746395250212,0.306957708049113,0.145759143079293,0.791751391878869,0.524981910671607,0.0964800678541137,0,0,0,0,0,0,0,0,0.44334660102062,0,0.55665339897938
"50",0,"MZ861063.1",0.325173008198444,0.0721253575267842,1.28425101075288,0.194711538461538,0.0220525869380831,0.270466321243523,1.2887954593231,0.382120227680665,0.150501579372556,0.0481340118744699,0.193295958171782,0.0390867967203845,0.0694807610841354,0.701149361800765,0.245046923879041,0.059301668080294,0.027217855887808,1.07812543991113,0.471739278802863,0.0308170766186033,0.307901907356948,0.145212386487259,0.791809141798043,0.524212112654754,0.0963387051173311,0,0,0,0,0,0,0,0,0.44332009375307,0,0.55667990624693
"51",0,"MZ861798.1",0.325007031655336,0.0721342556047121,1.28450394827715,0.194477791116447,0.0219819055696918,0.271975180972079,1.29011937565624,0.381925183833718,0.150520146695166,0.0481340118744699,0.193319805020628,0.0392988408255584,0.0690084378618412,0.700447468347353,0.24581589958159,0.0593723494486853,0.0272212137443376,1.07927514594558,0.471275571623734,0.030746395250212,0.309362279511533,0.145230301284154,0.792044852077522,0.524209121271448,0.0963387051173311,0,0,0,0,0,0,0,0,0.443361825761085,0,0.556638174238915
"52",0,"MZ908711.1",0.326626978508062,0.0720578636813196,1.28551193644152,0.196407185628742,0.0220525869380831,0.271975180972079,1.28869189702272,0.382822673185559,0.150600935093958,0.0479926491376873,0.193595460423812,0.0392281594571671,0.0689353562551291,0.704238204455376,0.245559038662487,0.059301668080294,0.0271923858198297,1.07936071181203,0.472146697846469,0.030746395250212,0.308321964529332,0.145316691757328,0.792330214934105,0.525145957612096,0.0963387051173311,0,0,0,0,0,0,0,0,0.443361853111912,0,0.556638146888088
"53",0,"MZ942542.1",0.325381574243371,0.0723359876662954,1.28633178607915,0.194477791116447,0.0219819055696918,0.271975180972079,1.29160612702704,0.382365319685734,0.151423334181445,0.0481340118744699,0.193619326986784,0.0392281594571671,0.068478068324093,0.701897586986468,0.245559038662487,0.0591603053435115,0.0268142023390183,1.07921290842582,0.472224596402812,0.030746395250212,0.306648575305292,0.145636455168141,0.793476509287427,0.523963943965362,0.0963387051173311,0,0,0,0,0,0,0,0,0.443282442319462,0,0.556717557680538
"54",0,"MZ943384.1",0.325137775383195,0.0721298978870526,1.28487034325915,0.194477791116447,0.0220525869380831,0.271975180972079,1.29063836447842,0.382078824578177,0.150511053590983,0.0481340118744699,0.193067693344344,0.0392281594571671,0.0692447019715705,0.700650807426971,0.245559038662487,0.0594430308170766,0.0272195692778791,1.07859742214907,0.471218280647364,0.030746395250212,0.309782608695652,0.145221527745933,0.792345699546335,0.52509315922229,0.0963387051173311,0,0,0,0,0,0,0,0,0.443335663177514,0,0.556664336822486
"55",0,"MZ962700.1",0.323580485329054,0.0718633747389436,1.28264454070519,0.194047619047619,0.0220463538722442,0.271784232365145,1.2854160563989,0.379431972722993,0.150456430055447,0.0479084228377614,0.193718662339761,0.039287733182589,0.0687388801850765,0.700036802074936,0.245798319327731,0.0589315997738835,0.0267281032934989,1.07899833188221,0.469717632121603,0.0306670435274166,0.307797537619699,0.145889861092103,0.791391825345356,0.521316221832753,0.0965234595816846,0,0,0,0,0,0,0,0,0.443444668731102,0,0.556555331268898
"56",0,"MZ964828.1",0.322669960900398,0.0721993171033311,1.28281094628912,0.194047619047619,0.0219003885552808,0.271221532091097,1.28771048813318,0.37820480489797,0.150635120069408,0.0480395619922289,0.193331061745132,0.0392794065701166,0.0686013444902083,0.696277253620623,0.245540398740819,0.0592723419286471,0.0269149364929062,1.07909356612963,0.472408430920484,0.0306605439773932,0.30968622100955,0.145837823251911,0.791012167227026,0.52180797140387,0.0963617096432356,0,0,0,0,0,0,0,0,0.443378005850284,0,0.556621994149716
"57",0,"MZ965576.1",0.323165032183256,0.0720970091575433,1.28326862105422,0.194047619047619,0.0219710349699753,0.271221532091097,1.28574222284531,0.37894478773735,0.150923072503124,0.0480395619922289,0.193940954633791,0.039350052984811,0.0687324820635246,0.703133350733932,0.245540398740819,0.0593429883433416,0.0267256154779676,1.07894947447501,0.470730304424732,0.0306605439773932,0.307797537619699,0.146356928589813,0.790971887547563,0.521967940310696,0.0964323560579301,0,0,0,0,0,0,0,0,0.443413838504923,0,0.556586161495077
"58",0,"MZ965901.1",0.323165032183256,0.0720970091575433,1.28326862105422,0.194047619047619,0.0219710349699753,0.271221532091097,1.28574222284531,0.37894478773735,0.150923072503124,0.0480395619922289,0.193940954633791,0.039350052984811,0.0687324820635246,0.703133350733932,0.245540398740819,0.0593429883433416,0.0267256154779676,1.07894947447501,0.470730304424732,0.0306605439773932,0.307797537619699,0.146356928589813,0.790971887547563,0.521967940310696,0.0964323560579301,0,0,0,0,0,0,0,0,0.443413838504923,0,0.556586161495077
"59",0,"MZ970734.1",0.325319503481197,0.0722121261783445,1.28236214912489,0.192857142857143,0.0220494699646643,0.269989615784008,1.28249056539548,0.380470985263881,0.150682636625479,0.0480565371024735,0.193769205245224,0.0393639575971731,0.0683608127821661,0.705924863877727,0.245283018867925,0.0592932862190813,0.026527132417486,1.08039709965813,0.472185570391268,0.0306713780918728,0.306849315068493,0.145868494880256,0.790688799886887,0.520154506751809,0.0965371024734982,0,0,0,0,0,0,0,0,0.44323706435314,0,0.55676293564686
"60",0,"MZ970735.1",0.32417097292403,0.072359787769433,1.28300731697867,0.194976076555024,0.021920520435582,0.271784232365145,1.28577905774455,0.38012445720027,0.150248728757128,0.0480130108895489,0.19327996467317,0.0391033800028285,0.0687538182792619,0.705671586050467,0.245798319327731,0.0589732711073398,0.0267339117518753,1.07816406526834,0.469698552696256,0.0308301513223024,0.308743169398907,0.145921565368923,0.79069596193213,0.523529252845394,0.096662423985292,0,0,0,0,0,0,0,0,0.443452773667912,0,0.556547226332088
"61",0,"MZ970738.1",0.323886551269453,0.072078730154297,1.28441855126553,0.194510739856802,0.0220463538722442,0.271784232365145,1.28266998132704,0.379790867059377,0.150164021154785,0.0479790842283776,0.193411259247364,0.0392170717919729,0.0687150560804298,0.705097889885906,0.245798319327731,0.0589315997738835,0.0267188396405537,1.07774066656252,0.469476523355521,0.030808366308649,0.307377049180328,0.14559903491168,0.790992849484994,0.522668288145844,0.0964527981910684,0,0,0,0,0,0,0,0,0.443449063871241,0,0.556550936128759
"62",0,"MZ970739.1",0.323971050761045,0.0720604192507814,1.28409849382047,0.194510739856802,0.0220463538722442,0.271784232365145,1.28498609430298,0.379889951553783,0.150125873439128,0.0479790842283776,0.193362124989597,0.0392170717919729,0.0686975996857449,0.705097889885906,0.246056782334385,0.0589315997738835,0.02671205197804,1.07877887067395,0.469476523355521,0.030808366308649,0.306957708049113,0.145802248284081,0.791121609115236,0.522668288145844,0.0965234595816846,0,0,0,0,0,0,0,0,0.44343163538874,0,0.55656836461126
"63",0,"MZ970740.1",0.323844318051137,0.0720892373949075,1.28359617337694,0.194510739856802,0.0220463538722442,0.271784232365145,1.28448342664319,0.379741344192372,0.150185911239391,0.0479790842283776,0.193199156218352,0.0392170717919729,0.0687250729831451,0.704779273577778,0.245798319327731,0.0589315997738835,0.0267227345659545,1.07722132033132,0.469575893981695,0.030808366308649,0.308321964529332,0.145620259537713,0.791294569676914,0.522778917479773,0.0964527981910684,0,0,0,0,0,0,0,0,0.443437757949766,0,0.556562242050234
"64",0,"MZ970741.1",0.323851550054431,0.0723043522265813,1.28458607683632,0.194510739856802,0.0220463538722442,0.273291925465839,1.28649285480338,0.379749824472861,0.150133621732935,0.0479790842283776,0.19337210479202,0.0392170717919729,0.0687011453049909,0.70502925199374,0.246315789473684,0.0589315997738835,0.0267134306399732,1.07891240560656,0.469526203410903,0.030808366308649,0.307377049180328,0.145329345837481,0.791050493622109,0.522554567502021,0.0964527981910684,0,0,0,0,0,0,0,0,0.443432245024003,0,0.556567754975997
"65",0,"MZ970745.1",0.323844318051137,0.0721126272821451,1.28359617337694,0.194510739856802,0.0220463538722442,0.271784232365145,1.28448342664319,0.379741344192372,0.150234640171136,0.0479790842283776,0.193261841116149,0.0392170717919729,0.0687473713423117,0.704779273577778,0.245798319327731,0.0589315997738835,0.0267314049551939,1.07789775444142,0.471031943265359,0.030808366308649,0.308321964529332,0.145667507109933,0.791782721786523,0.522778917479773,0.0964527981910684,0,0,0,0,0,0,0,0,0.443389737240336,0,0.556610262759664
"66",0,"MZ970752.1",0.323759884647916,0.0720911492485021,1.28326151135807,0.194510739856802,0.0220463538722442,0.271784232365145,1.2841485332977,0.379642337193495,0.150189894267713,0.0479790842283776,0.193204279985986,0.0392170717919729,0.0687268956169053,0.704460945089261,0.245798319327731,0.0589315997738835,0.0267234432703047,1.07753540191587,0.469675306682866,0.030808366308649,0.308321964529332,0.145624121481974,0.791409918739549,0.522889593655804,0.0964527981910684,0,0,0,0,0,0,0,0,0.443420646284286,0,0.556579353715714
"67",0,"MZ970753.1",0.323717684454402,0.0720904623681802,1.28309424578047,0.194510739856802,0.0220463538722442,0.271784232365145,1.28398115210201,0.379592853051525,0.150188463267042,0.0479790842283776,0.19344274068795,0.0392170717919729,0.0687262407909985,0.704301888655509,0.245798319327731,0.0589315997738835,0.0267231886508749,1.07769249422195,0.469725028819927,0.030808366308649,0.308321964529332,0.145622733983724,0.79122347645474,0.522944949318905,0.0964527981910684,0,0,0,0,0,0,0,0,0.443430021673461,0,0.556569978326539
"68",0,"MZ970754.1",0.323759884647916,0.0720911492485021,1.28326151135807,0.194510739856802,0.0220463538722442,0.271784232365145,1.2841485332977,0.379642337193495,0.150189894267713,0.0479790842283776,0.193204279985986,0.0392170717919729,0.0687268956169053,0.704460945089261,0.245798319327731,0.0589315997738835,0.0267234432703047,1.07753540191587,0.469675306682866,0.030808366308649,0.308321964529332,0.145624121481974,0.791409918739549,0.522889593655804,0.0964527981910684,0,0,0,0,0,0,0,0,0.443420646284286,0,0.556579353715714
"69",0,"MZ970755.1",0.323851550054431,0.0723151062661156,1.28458607683632,0.194510739856802,0.0220463538722442,0.273291925465839,1.28649285480338,0.379749824472861,0.150155951549243,0.0479790842283776,0.193400865595425,0.0392170717919729,0.0687113634289337,0.70502925199374,0.246315789473684,0.0589315997738835,0.026717403807291,1.07891240560656,0.469526203410903,0.030808366308649,0.307377049180328,0.145350961099667,0.791050493622109,0.522554567502021,0.0964527981910684,0,0,0,0,0,0,0,0,0.443429120064681,0,0.556570879935319
"70",0,"MZ970756.1",0.323759884647916,0.0720785678828863,1.28391623661897,0.194510739856802,0.0220463538722442,0.271784232365145,1.2841485332977,0.379642337193495,0.150163683089346,0.0479790842283776,0.193410823819078,0.0392170717919729,0.068474639488742,0.704620073380449,0.245798319327731,0.0589315997738835,0.0267187794882204,1.07753540191587,0.469625595071236,0.030808366308649,0.307377049180328,0.145358445230487,0.791409918739549,0.522834249710666,0.0964527981910684,0,0,0,0,0,0,0,0,0.443409203197988,0,0.556590796802012
"71",0,"MZ970757.1",0.323759884647916,0.0720856547556072,1.28391623661897,0.194510739856802,0.0220463538722442,0.271784232365145,1.2841485332977,0.379642337193495,0.150178447407515,0.0479790842283776,0.193429840260879,0.0392170717919729,0.0687216575336789,0.704620073380449,0.245798319327731,0.0589315997738835,0.026721406518627,1.07787371758366,0.469625595071236,0.030808366308649,0.307377049180328,0.145613022606327,0.791165807105144,0.522834249710666,0.0964527981910684,0,0,0,0,0,0,0,0,0.443415453024467,0,0.556584546975533
"72",0,"MZ970764.1",0.323759884647916,0.0720911492485021,1.28326151135807,0.194510739856802,0.0220463538722442,0.271784232365145,1.2841485332977,0.379642337193495,0.150189894267713,0.0479790842283776,0.193204279985986,0.0392170717919729,0.0687268956169053,0.704460945089261,0.245798319327731,0.0589315997738835,0.0267234432703047,1.07753540191587,0.469675306682866,0.030808366308649,0.308321964529332,0.145624121481974,0.791409918739549,0.522889593655804,0.0964527981910684,0,0,0,0,0,0,0,0,0.443420646284286,0,0.556579353715714
"73",0,"MZ970783.1",0.323122980780239,0.0723485735999375,1.28179501668699,0.194047619047619,0.0219710349699753,0.271975180972079,1.28656306108829,0.379554426728275,0.150465804231099,0.0480395619922289,0.193490371255647,0.039350052984811,0.068502802245788,0.702771383922925,0.245540398740819,0.0592723419286471,0.0267297685858033,1.07910693362683,0.470822721450931,0.0306605439773932,0.30968622100955,0.146139311457681,0.791273897396914,0.522218268727258,0.0964323560579301,0,0,0,0,0,0,0,0,0.443382241463538,0,0.556617758536462
"74",0,"MZ970793.1",0.32342114114992,0.0718472555980205,1.28323188701246,0.194047619047619,0.0219710349699753,0.271221532091097,1.2857721207795,0.379904658977044,0.150903265938317,0.0481102084069234,0.193915502567233,0.0392087601554221,0.0684831700516249,0.703813593332487,0.245283018867925,0.0592016955139526,0.0267221081107627,1.07818695770722,0.471995065732551,0.0306605439773932,0.30968622100955,0.145857137618724,0.791362960012179,0.52160731159752,0.0964323560579301,0,0,0,0,0,0,0,0,0.443303107717358,0,0.556696892282642
"75",0,"MZ970801.1",0.326144179352359,0.0723801074883019,1.28389043832801,0.194510739856802,0.0219003885552808,0.273477812177503,1.28777535059432,0.382915819051752,0.151012317284563,0.0481102084069234,0.193334240599983,0.0392794065701166,0.069013590860939,0.70787273186793,0.246589716684155,0.0590604026845638,0.0269823327221953,1.07902178995325,0.469889255384825,0.0306605439773932,0.308743169398907,0.146203007816902,0.791244149859647,0.525141692165923,0.0963617096432356,0,0,0,0,0,0,0,0,0.443406192054841,0,0.556593807945159
"76",0,"MZ970807.1",0.323375453483023,0.0718582456958187,1.28269544631885,0.194047619047619,0.0219710349699753,0.270466321243523,1.28460157209311,0.380510455767651,0.150686020238389,0.0481102084069234,0.194185493385356,0.0392794065701166,0.068974302724749,0.703291999955668,0.245283018867925,0.0592016955139526,0.0269669721888643,1.07798110117836,0.472145048276476,0.0306605439773932,0.30968622100955,0.14587944861994,0.791167168125663,0.521857365596088,0.0964323560579301,0,0,0,0,0,0,0,0,0.443329590117911,0,0.556670409882089
"77",0,"MZ970808.1",0.323203563843228,0.0723415817852384,1.28196183019775,0.194047619047619,0.0219710349699753,0.271975180972079,1.28688391475193,0.379649083128766,0.150451263114815,0.0480395619922289,0.193471672216335,0.039350052984811,0.0684961820890131,0.703043458216659,0.245540398740819,0.0592723419286471,0.0267271854030313,1.0801481680117,0.472180296329889,0.0306605439773932,0.30968622100955,0.145884850975547,0.791158441951171,0.522191993664436,0.0962204168138467,0,0,0,0,0,0,0,0,0.44336001662207,0,0.55663998337793
"78",0,"MZ970810.1",0.322390091391899,0.0720876253659388,1.28316590419078,0.194047619047619,0.0219710349699753,0.271221532091097,1.28659358558546,0.379195708541786,0.150663137014812,0.0480395619922289,0.193675420149822,0.0392087601554221,0.0689638282667481,0.703609513273933,0.245283018867925,0.0592723419286471,0.0267221370034917,1.07818695770722,0.471316584742945,0.0306605439773932,0.308743169398907,0.146097587408303,0.791425345740205,0.521746837720286,0.096573648887319,0,0,0,0,0,0,0,0,0.443358881495831,0,0.556641118504169
"79",0,"MZ977241.1",0.3225903866201,0.0722345703205022,1.28213335003621,0.192076830732293,0.0221953475136942,0.273388773388773,1.2903615464804,0.377126530802445,0.151428617515737,0.0480187806786654,0.192705514841739,0.0389841360176425,0.0688748228637347,0.70622772379727,0.246822033898305,0.0594721491072064,0.027168507690765,1.08038107428633,0.46649871371856,0.0305186028313296,0.310344827586207,0.145429068485795,0.78980758407464,0.522391924905346,0.096891228569396,0,0,0,0,0,0,0,0,0.443403877942204,0,0.556596122057796
"80",0,"MZ977726.1",0.330462706643602,0.0719650188398121,1.28207825835599,0.194011976047904,0.0220416813846697,0.270186335403727,1.28722150102792,0.38267973631894,0.150886656167473,0.04789826916284,0.193585900679094,0.0392794065701166,0.0690864180862196,0.705763546086438,0.245540398740819,0.0592016955139526,0.0271573490782074,1.07984118465793,0.469197964459695,0.0306605439773932,0.307797537619699,0.14536933805642,0.791471762112301,0.524948676744182,0.0964323560579301,0,0,0,0,0,0,0,0,0.443459951149667,0,0.556540048850333
"81",0,"MZ978262.1",0.328590615365962,0.0719556843918269,1.28263402802577,0.193317422434368,0.022044796156292,0.272256728778468,1.28763973069614,0.382804087645967,0.15086708494153,0.0479050378011729,0.19380064329532,0.0392849572528792,0.0690774570161538,0.702444751548707,0.245798319327731,0.0592100614710662,0.0271538265492555,1.07995641265598,0.470359519660096,0.0306648767045856,0.309065934065934,0.145590334752796,0.790724002614064,0.523617821215243,0.0964459831837773,0,0,0,0,0,0,0,0,0.443437148175496,0,0.556562851824504
"82",0,"MZ978268.1",0.328523063221392,0.0721878895026478,1.28177495145787,0.193317422434368,0.0220416813846697,0.271975180972079,1.28836454311522,0.382725374927923,0.150851104641746,0.0477569763334511,0.193060634716384,0.0392794065701166,0.0690701401221347,0.704382561475844,0.245798319327731,0.0590604026845638,0.0271509503334877,1.07846454045594,0.468862959608338,0.0306605439773932,0.310533515731874,0.14581474025784,0.791888067996538,0.523467153712265,0.096573648887319,0,0,0,0,0,0,0,0,0.443462733834764,0,0.556537266165236
"83",0,"MZ978279.1",0.327323930905357,0.0719683606317221,1.28306932695676,0.193317422434368,0.0220416813846697,0.272256728778468,1.28655116044673,0.381821000853465,0.150893662791177,0.04789826916284,0.193354995563893,0.039350052984811,0.0693295207418923,0.705354439838236,0.245798319327731,0.0592016955139526,0.0269182684831522,1.07891237312017,0.469274923724918,0.0306605439773932,0.308219178082192,0.145855877546957,0.790955732512611,0.523461083488065,0.096573648887319,0,0,0,0,0,0,0,0,0.443460436906834,0,0.556539563093166
"84",0,"MZ978320.1",0.328433903119036,0.072406902168865,1.28248121414702,0.193317422434368,0.0220416813846697,0.271975180972079,1.28900414386778,0.381302119994312,0.150807753192769,0.04789826916284,0.193244911086441,0.0392794065701166,0.0690502908100434,0.704223522739904,0.245540398740819,0.0592016955139526,0.0269029428717748,1.079951568283,0.468912564238004,0.0306605439773932,0.308641975308642,0.145772836154536,0.79053392249924,0.521587147040179,0.0964323560579301,0,0,0,0,0,0,0,0,0.44350538679036,0,0.55649461320964
"85",0,"MZ978563.1",0.327689857858303,0.0719340772663515,1.28267895405906,0.193317422434368,0.0220416813846697,0.271975180972079,1.28897944088069,0.382908038273551,0.150821782001784,0.04789826916284,0.193023107331377,0.0392794065701166,0.0695362746908065,0.702226924549911,0.246056782334385,0.0592016955139526,0.02762612707935,1.07880282920765,0.470311598914519,0.0306605439773932,0.306957708049113,0.145067055820476,0.792614485714454,0.523691877904475,0.096573648887319,0,0,0,0,0,0,0,0,0.443360844421986,0,0.556639155578013
"86",0,"MZ979065.1",0.328483888040946,0.0724263157627911,1.28288122149643,0.193087008343266,0.0220416813846697,0.272256728778468,1.28722150102792,0.38267973631894,0.150848187466211,0.04789826916284,0.193536545763485,0.0392794065701166,0.0693086266736643,0.705900998999942,0.245540398740819,0.0592016955139526,0.0271504252853731,1.07893625812792,0.470510714748098,0.0306605439773932,0.30968622100955,0.145332276000832,0.791692209335233,0.523574874360993,0.096573648887319,0,0,0,0,0,0,0,0,0.443491665052183,0,0.556508334947817
"87",0,"MZ979100.1",0.328530310403607,0.0719505270708141,1.28321552279193,0.193317422434368,0.0220416813846697,0.271975180972079,1.28839296429366,0.382733817807101,0.150856271758474,0.04789826916284,0.193786752910726,0.0391381137407277,0.0690725059879816,0.704473054042224,0.245798319327731,0.0590604026845638,0.0271518803374806,1.07979414667783,0.470304154413986,0.0306605439773932,0.308641975308642,0.145819734863517,0.790902188979785,0.523408677702112,0.0967149417167079,0,0,0,0,0,0,0,0,0.443415828517838,0,0.556584171482162
"88",0,"MZ983984.1",0.323165032183256,0.0718480824430354,1.28206288347146,0.194047619047619,0.0220416813846697,0.271221532091097,1.28574222284531,0.37894478773735,0.150905002589385,0.0480395619922289,0.193917734219162,0.039350052984811,0.0687242527715991,0.702816266923004,0.245540398740819,0.0592723419286471,0.0269631581219816,1.07879204978444,0.47083006712568,0.0306605439773932,0.30968622100955,0.146339405377286,0.791709365335012,0.522078561893893,0.0964323560579301,0,0,0,0,0,0,0,0,0.443358245411105,0,0.556641754588895
"89",0,"MZ984080.1",0.323251714295727,0.0721105554833236,1.28514961875627,0.194711538461538,0.0220541457552838,0.271975180972079,1.2910237178314,0.380870444877974,0.150951429478424,0.0481374142927829,0.193256288695307,0.0390895596239485,0.0692261332639907,0.701303468322089,0.245559038662487,0.0593058598996254,0.0267306369608027,1.07854525748489,0.471027857838906,0.0307485686011168,0.307065217391304,0.145422953558036,0.792298964807801,0.524145756680138,0.0964868876793666,0,0,0,0,0,0,0,0,0.443388785817936,0,0.556611214182064
"90",0,"MZ984461.1",0.323647637918612,0.0720662438049155,1.28407870091982,0.194047619047619,0.0219725872544864,0.271502590673575,1.28667256664891,0.378190663777615,0.151122190186228,0.0480429560548255,0.194024502551696,0.0393528331213791,0.0679688319497865,0.704468572305063,0.245798319327731,0.0592765296029391,0.0260791358278993,1.08086722083174,0.471076301897138,0.0306627101879327,0.30968622100955,0.146542729877554,0.791138679764922,0.52162853773246,0.0964391691394659,0,0,0,0,0,0,0,0,0.443306697514053,0,0.556693302485948
"91",0,"MZ987731.1",0.323716310379132,0.0718263797924936,1.28470683329048,0.194510739856802,0.0218297421405864,0.272066458982347,1.28496566015937,0.381571694984696,0.151124631308367,0.0481102084069234,0.194750721048103,0.0390674673260332,0.068210957990858,0.704290755090678,0.244514106583072,0.0592016955139526,0.0268039892334602,1.07763089107413,0.473323898211381,0.0308018368067821,0.309264305177112,0.146545097026296,0.791705497988234,0.521276132352061,0.0964323560579301,0,0,0,0,0,0,0,0,0.443216376732235,0,0.556783623267765
"92",0,"MZ990136.1",0.324517845793441,0.0721094653096228,1.2832659882521,0.193816884661118,0.0219787985865724,0.271221532091097,1.28619877905937,0.380690536477437,0.151453994028238,0.0481978798586572,0.194382036921592,0.0392226148409894,0.0684919336051266,0.704155522875011,0.245540398740819,0.0590106007067138,0.0265780133138915,1.07934174944818,0.472150363834904,0.0306713780918728,0.310719131614654,0.146871787202543,0.791956591966268,0.521672872431414,0.0964664310954064,0,0,0,0,0,0,0,0,0.443289822070852,0,0.556710177929148
"93",0,"MZ995597.1",0.325141374764526,0.0722398791285118,1.28499107050155,0.194477791116447,0.0220525869380831,0.270466321243523,1.28867008290818,0.38076096762238,0.150479748217864,0.0481340118744699,0.193199676739043,0.0392281594571671,0.0693598839473087,0.701353082999721,0.245559038662487,0.0591603053435115,0.0269300574715465,1.07833089826903,0.472432035778977,0.030746395250212,0.307901907356948,0.145199757052324,0.791885506941114,0.524929325084878,0.0963387051173311,0,0,0,0,0,0,0,0,0.443393790381884,0,0.556606209618116
"94",0,"MZ995753.1",0.324290631414617,0.0722118010274218,1.2827141361589,0.193816884661118,0.0219003885552808,0.271221532091097,1.28628692521469,0.380423954236312,0.150901072578898,0.0480395619922289,0.19336449045881,0.039350052984811,0.068613206291836,0.70571818653018,0.245540398740819,0.0592723419286471,0.027159943817381,1.0795418894794,0.472052465108172,0.0306605439773932,0.309264305177112,0.145623133633372,0.791550146709336,0.52160731159752,0.0962910632285412,0,0,0,0,0,0,0,0,0.443400384620784,0,0.556599615379216
"95",0,"OK012635.1",0.325505680642901,0.0724101507583094,1.28189576048648,0.194774346793349,0.0221060809379193,0.271694214876033,1.28817141701233,0.379369111917038,0.150334981872384,0.0480259905360548,0.193013812451785,0.0388445511688679,0.0688136200915059,0.702696290478615,0.244769874476987,0.0591849706900205,0.0271443655163265,1.07960341568283,0.468539566396626,0.0306518821950703,0.31043956043956,0.1457793763611,0.789167467505127,0.525211266659519,0.0967582456388163,0,0,0,0,0,0,0,0,0.442018626329203,0,0.557981373670797
"96",0,"OK012654.1",0.326367456018555,0.0724218972029121,1.28149574370895,0.194543297746145,0.0221060809379193,0.271694214876033,1.28766796283684,0.379220843634631,0.150359369358364,0.0480259905360548,0.192805315732256,0.0388445511688679,0.0688247831034297,0.702492265980743,0.244769874476987,0.0591143442333498,0.0271487689015215,1.07890261768548,0.46858913681203,0.0306518821950703,0.31043956043956,0.145803024832353,0.789588793892215,0.524384219002227,0.0966876191821456,0,0,0,0,0,0,0,0,0.443214780652292,0,0.556785219347708
"97",0,"OK012708.1",0.322717324075485,0.07179997931766,1.28501864078793,0.193045563549161,0.0220530696450167,0.273958333333333,1.28788117293087,0.375282278648664,0.151524371068373,0.0480899196130042,0.193307636624469,0.0389841360176425,0.0689183747965498,0.702392712483816,0.247083775185578,0.0593298712385288,0.0274262685812566,1.08200296883968,0.469368653784041,0.0305186028313296,0.308437067773167,0.146001295736245,0.789651679440302,0.521025835327421,0.0968200896350573,0,0,0,0,0,0,0,0,0.443368975400517,0,0.556631024599483
"98",0,"OK012710.1",0.327363755278958,0.0724246639258683,1.28127637424612,0.194543297746145,0.0221060809379193,0.271694214876033,1.28670769068859,0.38054836674012,0.150365113514965,0.0480259905360548,0.192812681445027,0.0388445511688679,0.069067229174338,0.702265289481234,0.245283018867925,0.0591143442333498,0.0271498060618978,1.07976079800933,0.468695681217807,0.0306518821950703,0.31043956043956,0.146048411691569,0.789349391947352,0.525237544419657,0.0967582456388163,0,0,0,0,0,0,0,0,0.443236965681297,0,0.556763034318703
"99",0,"OK012716.1",0.328270087020352,0.0722059285100875,1.28149349840188,0.193317422434368,0.0220416813846697,0.271221532091097,1.28638368437794,0.382430660729042,0.150888800773571,0.04789826916284,0.193588652184852,0.0392794065701166,0.0693272868419112,0.703405654125021,0.245798319327731,0.0592016955139526,0.0271577350753389,1.07888842829174,0.468489228261284,0.0306605439773932,0.308641975308642,0.145851177854263,0.790520269023651,0.524513413348338,0.096573648887319,0,0,0,0,0,0,0,0,0.443459876517213,0,0.556540123482787
"100",0,"OK012749.1",0.326328574977809,0.0724371698903207,1.28084158559578,0.194543297746145,0.0221060809379193,0.271694214876033,1.2875145594579,0.379835101967299,0.150391077884871,0.0480259905360548,0.19308583364804,0.0387739247121972,0.0688392972136491,0.702220101440568,0.244769874476987,0.0591143442333498,0.0271544941680082,1.07872133906898,0.468688309116117,0.0306518821950703,0.31043956043956,0.146073630672865,0.78940225778694,0.525378000394966,0.096828872095487,0,0,0,0,0,0,0,0,0.443266490113787,0,0.556733509886213
"101",0,"OK012832.1",0.324674652405354,0.072414068540288,1.28236600785924,0.194543297746145,0.0221060809379193,0.271694214876033,1.28879999217003,0.37823403996296,0.150103334126557,0.0480259905360548,0.193024255546132,0.0388445511688679,0.0690571249655726,0.705902640824345,0.24400417101147,0.0591143442333498,0.0273860627947649,1.07850270222566,0.469597241743181,0.0307931351084116,0.31043956043956,0.146027045500117,0.789927400426154,0.523087873155859,0.0967582456388163,0,0,0,0,0,0,0,0,0.443230307842076,0,0.556769692157924
"102",0,"OK012856.1",0.328220805208052,0.0724431707939612,1.2813638984496,0.194543297746145,0.0221060809379193,0.271694214876033,1.28717918187013,0.381054689146382,0.150403536714615,0.0480259905360548,0.193101829434234,0.0387739247121972,0.0686051220101751,0.702061515148463,0.242931937172775,0.0591143442333498,0.0271567437244604,1.07872133906898,0.468752658567822,0.0306518821950703,0.31043956043956,0.146085731832855,0.789526700485417,0.525322410721874,0.0967582456388163,0,0,0,0,0,0,0,0,0.443264928251813,0,0.556735071748187
"103",0,"OK012862.1",0.326208343503047,0.0724287072798921,1.28153080790622,0.194543297746145,0.0221060809379193,0.271694214876033,1.28704019163929,0.379695156715863,0.150373508160571,0.0480259905360548,0.193063276027527,0.0388445511688679,0.0688312549315531,0.701993249526034,0.244769874476987,0.0591143442333498,0.027151321792474,1.07887862720191,0.468802262023755,0.0306518821950703,0.31129476584022,0.146056565342564,0.789095956795458,0.525208277248336,0.0967582456388163,0,0,0,0,0,0,0,0,0.443278984694107,0,0.556721015305893
"104",0,"OK012891.1",0.328573121233735,0.072176067461253,1.28469164519781,0.193317422434368,0.0220416813846697,0.271975180972079,1.2885608549588,0.382783691903766,0.150586612510521,0.04789826916284,0.193508592828011,0.0391381137407277,0.0688190410677064,0.704950878858441,0.245283018867925,0.0590604026845638,0.0271465038860162,1.07929842142739,0.470882708663651,0.0306605439773932,0.308641975308642,0.145551072920201,0.791576810718611,0.523242586520273,0.096573648887319,0,0,0,0,0,0,0,0,0.443420938113273,0,0.556579061886727
"105",0,"OK012900.1",0.326335868265949,0.0724268659821364,1.282031797276,0.196449704142012,0.0221060809379193,0.271694214876033,1.28754333479474,0.379843591100818,0.150369685333773,0.0480259905360548,0.192818543872972,0.0388445511688679,0.0688295050889839,0.702469284731409,0.244769874476987,0.0591143442333498,0.0271506315458886,1.07908383199177,0.468653483140218,0.0306518821950703,0.31043956043956,0.14605285226199,0.78965570672061,0.525041597376153,0.0967582456388163,0,0,0,0,0,0,0,0,0.443277481829326,0,0.556722518170674
"106",0,"OK012902.1",0.32665437589563,0.0724234857750075,1.27999863853006,0.194543297746145,0.0221060809379193,0.270186335403727,1.28682026867976,0.380214322894703,0.150362667486522,0.0479553640793841,0.192809544910947,0.0388445511688679,0.0685864799061329,0.701082651985715,0.244769874476987,0.0591143442333498,0.0271493644089352,1.07845490364611,0.469053834978375,0.0306518821950703,0.31043956043956,0.146285848750843,0.789420688736303,0.525439765523368,0.0967582456388163,0,0,0,0,0,0,0,0,0.443263018210485,0,0.556736981789515
"107",0,"OK012906.1",0.326459822961803,0.0724259245583554,1.28216388538972,0.194543297746145,0.0221060809379193,0.271694214876033,1.28803239241293,0.380647571215287,0.150367730788374,0.0480259905360548,0.193055858508199,0.0388445511688679,0.0688286104246622,0.702492265980743,0.246346555323591,0.0591143442333498,0.027150278634716,1.07960341568283,0.468574411592638,0.0306518821950703,0.308743169398907,0.145571311943449,0.789717743203365,0.525462903109962,0.0966876191821456,0,0,0,0,0,0,0,0,0.44330715510251,0,0.55669284489749
"108",0,"OK012913.1",0.326448874839695,0.0724285927154145,1.28166271383842,0.194543297746145,0.0221060809379193,0.271694214876033,1.28699995808013,0.379975126818966,0.150133440529303,0.0480259905360548,0.193062970648704,0.0388445511688679,0.0688311460573641,0.702764590233394,0.244769874476987,0.0591143442333498,0.0271512788457321,1.0792649820102,0.468490006467876,0.0306518821950703,0.31043956043956,0.146056334316846,0.789229660543783,0.525325473281787,0.0967582456388163,0,0,0,0,0,0,0,0,0.443243212917197,0,0.556756787082803
"109",0,"OK013022.1",0.321644057487813,0.0722417795783843,1.28512055359948,0.193045563549161,0.0220530696450167,0.273388773388773,1.28956363605795,0.373200025533836,0.151683736523385,0.0480899196130042,0.193204759337539,0.0389841360176425,0.0686416908950761,0.702803457722957,0.246560846560847,0.0593298712385288,0.0271712192010203,1.08113692437831,0.468535225713936,0.0305186028313296,0.308437067773167,0.145923594630092,0.790018228899087,0.520745181290721,0.0968200896350573,0,0,0,0,0,0,0,0,0.443426329481959,0,0.556573670518041
"110",0,"OK013047.1",0.326321322531214,0.07245147265085,1.2813638984496,0.194543297746145,0.0221060809379193,0.271694214876033,1.28748594525952,0.379826660371915,0.150180867150437,0.0480259905360548,0.192884053017495,0.0388445511688679,0.0688528895721654,0.702288462462234,0.244769874476987,0.0591143442333498,0.0271598558383767,1.07840686597421,0.468653483140218,0.0306518821950703,0.31043956043956,0.145862567456016,0.78965570672061,0.525381045636942,0.0967582456388163,0,0,0,0,0,0,0,0,0.443257118810492,0,0.556742881189508
"111",0,"OK013059.1",0.326080918368866,0.0726749333526611,1.28103020993438,0.196449704142012,0.0221060809379193,0.271134020618557,1.28851368955455,0.379546838295271,0.150146892009128,0.0478847376227135,0.193320119743382,0.0388445511688679,0.0688373131096163,0.702061515148463,0.244769874476987,0.0591143442333498,0.0271537115141525,1.07867313955847,0.468737911011462,0.0306518821950703,0.31043956043956,0.146069420500893,0.789512779518093,0.525433601834314,0.0967582456388163,0,0,0,0,0,0,0,0,0.443261804501575,0,0.556738195498425
"112",0,"OK013201.1",0.326371093358914,0.072430477890945,1.28166271383842,0.194543297746145,0.0221060809379193,0.271694214876033,1.2876823137979,0.379884591882865,0.150377184230538,0.0480259905360548,0.192828159683178,0.0388445511688679,0.0688329375983484,0.702537489057038,0.244769874476987,0.0591143442333498,0.0271519855407621,1.07856408532976,0.46858913681203,0.0306518821950703,0.31043956043956,0.145820299859916,0.789832870799137,0.525266832811302,0.0967582456388163,0,0,0,0,0,0,0,0,0.44328367001714,0,0.55671632998286
"113",0,"OK013374.1",0.328690692722726,0.072160410416077,1.28338273878395,0.193317422434368,0.0220416813846697,0.271975180972079,1.28704186909501,0.381600245185863,0.151033417149929,0.04789826916284,0.193466615301575,0.0392794065701166,0.0690438478399673,0.705064837940054,0.245798319327731,0.0592016955139526,0.0271406150359768,1.07950299449675,0.468664645995307,0.0306605439773932,0.308641975308642,0.146238705494375,0.790671672457203,0.523161158846476,0.096573648887319,0,0,0,0,0,0,0,0,0.443460392940655,0,0.556539607059345
"114",0,"OK013505.1",0.322632688008327,0.0722185901380176,1.28503371223588,0.193045563549161,0.0221953475136942,0.273388773388773,1.28953497213205,0.3751838568604,0.151635046402748,0.0480899196130042,0.192902812195901,0.0390552749519812,0.0688595859455517,0.70687033319108,0.246822033898305,0.0594010101728676,0.0269221212215909,1.08177288726125,0.468513432594594,0.0305186028313296,0.309292649098474,0.145636824630487,0.789508186197467,0.521081464820837,0.0967489507007185,0,0,0,0,0,0,0,0,0.443442215779769,0,0.556557784220231
"115",0,"OK013508.1",0.322794825834389,0.0722097004240512,1.28349912902118,0.193045563549161,0.0220530696450167,0.273388773388773,1.29217558366421,0.376701155948648,0.151616380956812,0.0480899196130042,0.193358865587326,0.0388418581489649,0.0686112103696965,0.700542557438824,0.24630021141649,0.0594010101728676,0.0269188072555252,1.08302791639463,0.469987102930931,0.0305186028313296,0.309917355371901,0.145139098858973,0.789526457163194,0.522171433862782,0.0968200896350573,0,0,0,0,0,0,0,0,0.443404752148458,0,0.556595247851542
"116",0,"OK013589.1",0.32164047769441,0.0722197035351171,1.28540606366287,0.193045563549161,0.021981930710678,0.273673257023933,1.28855349268287,0.376516119910322,0.151397451596873,0.0480899196130042,0.193145718756708,0.0389129970833037,0.0688606475567395,0.702438182773521,0.246560846560847,0.0594010101728676,0.0271629160693117,1.0817966355823,0.46936137470959,0.0305186028313296,0.308437067773167,0.145639069919655,0.789517307232811,0.52099670856436,0.0968200896350573,0,0,0,0,0,0,0,0,0.443417171181336,0,0.556582828818664
"117",0,"OK013808.1",0.328273679514084,0.0721846270833577,1.28241536705515,0.193317422434368,0.0220416813846697,0.271975180972079,1.28639776219224,0.381116105092497,0.150844287160904,0.04789826916284,0.193531541715182,0.0391381137407277,0.0690670186046744,0.703678117172395,0.245540398740819,0.0590604026845638,0.0271497232885536,1.07873111579556,0.467654221030056,0.0306605439773932,0.308641975308642,0.145808150387646,0.79003653790734,0.523574874360993,0.096573648887319,0,0,0,0,0,0,0,0,0.443510732385271,0,0.556489267614729
"118",0,"OK013935.1",0.322717324075485,0.0722522484954708,1.28425882465906,0.193045563549161,0.0221953475136942,0.272632674297607,1.28887721405456,0.375282278648664,0.151705717771221,0.0480899196130042,0.192752676218814,0.0390552749519812,0.069131719490683,0.710820689284704,0.245762711864407,0.0593298712385288,0.0269346686055504,1.08147862378551,0.468570708075351,0.0305186028313296,0.30939226519337,0.145464659761646,0.790384624174462,0.519214315142689,0.0968200896350573,0,0,0,0,0,0,0,0,0.443415531010091,0,0.556584468989909
"119",0,"OK013996.1",0.322629117606607,0.0722401267561708,1.28213335003621,0.192076830732293,0.0221953475136942,0.273388773388773,1.29051647042643,0.37717180953108,0.15144026572473,0.0480187806786654,0.192720338156828,0.0389841360176425,0.068880120860535,0.706342632310742,0.246822033898305,0.0594721491072064,0.0271705975497414,1.08056416292282,0.466448879436569,0.0305186028313296,0.310344827586207,0.145440255196809,0.789749514257416,0.522421107743481,0.096891228569396,0,0,0,0,0,0,0,0,0.443386694806798,0,0.556613305193201
"120",0,"OK014145.1",0.319942613598387,0.0722232229302074,1.28718958664234,0.196407185628742,0.0223376253823718,0.273388773388773,1.28874080804584,0.374868112345619,0.151644773727213,0.0480899196130042,0.192915186830189,0.0388418581489649,0.0683841147345818,0.707675241336367,0.246040126715945,0.0593298712385288,0.0271642397667069,1.08042943604286,0.469700000241297,0.0305186028313296,0.308864265927978,0.144686390122641,0.791536737664422,0.520050131515947,0.0967489507007185,0,0,0,0,0,0,0,0,0.443272293552235,0,0.556727706447765
"121",0,"OK014299.1",0.323752231013222,0.072222181753422,1.28526891413478,0.193045563549161,0.0221953475136942,0.272632674297607,1.28803579907722,0.375991632121726,0.151402646798702,0.0480899196130042,0.192912405746682,0.0390552749519812,0.0693428921154118,0.711421644723505,0.245762711864407,0.0593298712385288,0.0269234601276138,1.08111303581258,0.467615978001664,0.0304474638969908,0.308437067773167,0.145884008325849,0.790066996972728,0.519243369747663,0.0966778117663797,0,0,0,0,0,0,0,0,0.443367921165564,0,0.556632078834436
"122",0,"OK014707.1",0.322883122947854,0.0722100400381556,1.28532062989853,0.192814371257485,0.0221953475136942,0.273388773388773,1.29153249179141,0.37547508323019,0.151377193568359,0.0479476417443267,0.192640073590163,0.0389129970833037,0.068851433524753,0.707422244920861,0.246560846560847,0.0594010101728676,0.0269189338591057,1.08100186895182,0.468313426860295,0.0305186028313296,0.308437067773167,0.144899881006797,0.790639272737137,0.521028540960929,0.0968200896350573,0,0,0,0,0,0,0,0,0.443400383383712,0,0.556599616616288
"123",0,"OK014859.1",0.322802004559368,0.0722222574418362,1.28525390413475,0.193045563549161,0.0220530696450167,0.273388773388773,1.29021171575426,0.375380752088351,0.151642746522394,0.0480899196130042,0.193152548972353,0.0389841360176425,0.0688630826770997,0.703192157865655,0.246822033898305,0.0594010101728676,0.0271638766320178,1.08150235116909,0.46837795594515,0.0305186028313296,0.308437067773167,0.145404279102169,0.789776846124078,0.52080343608067,0.0968200896350573,0,0,0,0,0,0,0,0,0.443415978579969,0,0.556584021420031
"124",0,"OK015370.1",0.32467404938273,0.0722163144434087,1.28397291790323,0.193045563549161,0.0220530696450167,0.27159209157128,1.28774093819592,0.376569703126815,0.151630268200114,0.0480899196130042,0.193136654906791,0.0389841360176425,0.0683775734763172,0.702643547948731,0.246822033898305,0.0594010101728676,0.0271616413809771,1.08200296883968,0.46859252487325,0.0305186028313296,0.308437067773167,0.145632235439034,0.789714305475629,0.520745181290721,0.0968200896350573,0,0,0,0,0,0,0,0,0.443400144811212,0,0.556599855188788
"125",0,"OK015482.1",0.328523063221392,0.0721600952943195,1.28308355273552,0.193548387096774,0.0220416813846697,0.271975180972079,1.28836454311522,0.382725374927923,0.1507930230569,0.04789826916284,0.193465770440252,0.0392794065701166,0.0690435463281196,0.704313923015786,0.245798319327731,0.0590604026845638,0.027140496513947,1.0801559842145,0.470368814437501,0.0306605439773932,0.309165526675787,0.145758597803808,0.791399850938587,0.523353302260121,0.096573648887319,0,0,0,0,0,0,0,0,0.443420938113273,0,0.556579061886727
"126",0,"OK016680.1",0.328487510727942,0.072174197004985,1.28335191070369,0.193317422434368,0.0220416813846697,0.271975180972079,1.28822511737283,0.382683956705251,0.150822491415733,0.04789826916284,0.193263796631289,0.0391381137407277,0.0690570389948029,0.700499516482072,0.246861924686193,0.0592016955139526,0.0271458003792981,1.07914111795936,0.470276781256931,0.0306605439773932,0.308641975308642,0.145307519551565,0.790729880834733,0.525121394999511,0.0964323560579301,0,0,0,0,0,0,0,0,0.443427583264087,0,0.556572416735913
"127",0,"OK016840.1",0.324624247810847,0.0719941052310851,1.28336603272789,0.193045563549161,0.0220530696450167,0.272632674297607,1.28853919223079,0.376511941309464,0.151667581686819,0.0480899196130042,0.193424162720849,0.0389841360176425,0.0688743606710714,0.702552456107306,0.246822033898305,0.0594010101728676,0.0271683253732735,1.08197936179343,0.467851929913816,0.0305186028313296,0.308437067773167,0.145668072917562,0.789276001261414,0.522921417027767,0.096891228569396,0,0,0,0,0,0,0,0,0.44337920176027,0,0.55662079823973
