,Unnamed: 0,Reservoir,Genbank.accession,NonBrCpG,agc,NonBrCpA,GGA.Bias,M.Bias,GCA.Bias,NonBrGpC,CpG,tga,E.Bias,aca,P.Bias,ctc,brGpC,AGT.Bias,K.Bias,tcg,NonBrUpU,brApU,C.Bias,ATA.Bias,tac,ApU,brGpU,L.Bias,Artiodactyl,Carnivore,Fish,Galloanserae,Insect,Neoaves,Plant,Primate,Pterobat,Rodent,Vespbat,CatBoost25
0,2,0,MZ411658.1,0.324693966239574,0.0719459103673651,1.2857649444291201,0.19381688466111802,0.0220338983050847,0.274974253347065,1.29085649992806,0.38089706657846795,0.150106417643539,0.0478813559322034,0.19289152713110802,0.0390536723163842,0.0678825200808362,0.704881366890117,0.24686192468619297,0.0593926553672316,0.027299406824316,1.07982082203549,0.46990106397438797,0.0306497175141243,0.30653950953678494,0.14604302735701,0.791527516131864,0.523150887107601,0.0963276836158192,0.0,0,0,0,0,0,0,0.19037160780832,0.423242719127113,0,0.386385673064567,Pterobat
1,3,0,MZ436120.1,0.323236099767579,0.0719983239472799,1.28485323082034,0.19381688466111802,0.0218467194570136,0.27347781217750305,1.28996983373503,0.37952966692911,0.15023650263665697,0.047935520361990995,0.19295550817871002,0.0388150452488688,0.0686384021630735,0.7017221770043389,0.246603970741902,0.0594598416289593,0.0274103591316925,1.07895502724205,0.470346294184521,0.0306843891402715,0.308423913043478,0.14639659202613597,0.7914620133400259,0.5257292437626621,0.0965073529411765,0.0,0,0,0,0,0,0,0.18969270799983698,0.421788685088276,0,0.388518606911887,Pterobat
2,4,0,MZ467310.1,0.32310251736844803,0.0719274322586491,1.28538325114043,0.19381688466111802,0.0218528995756718,0.273760330578512,1.28844562140792,0.37805099406487097,0.15056809152810502,0.0479490806223479,0.19348479277576602,0.0388967468175389,0.0680913025381878,0.703547734713151,0.246603970741902,0.0594059405940594,0.0271431650771225,1.08006642491073,0.470633923462289,0.0306930693069307,0.30653950953678494,0.14625244559258602,0.790541847857929,0.524975168255295,0.0963932107496464,0.0,0,0,0,0,0,0,0.19035366206274104,0.423316753750851,0,0.38632958418640795,Pterobat
3,5,0,MZ498767.1,0.32513290219582897,0.0726122580976306,1.28289858964728,0.19285714285714303,0.0220494699646643,0.271784232365145,1.2827431825233602,0.379593732527793,0.150754588831836,0.0480565371024735,0.193312104339387,0.0393639575971731,0.0687652510461005,0.709800147455682,0.24579831932773102,0.0592932862190813,0.0267383572152312,1.0805310618573198,0.472335708887418,0.0306713780918728,0.30684931506849294,0.145224516195261,0.7912311185137869,0.5198996748703629,0.0964664310954064,0.0,0,0,0,0,0,0,0.19052403162355497,0.423150498097271,0,0.386325470279174,Pterobat
4,6,0,MZ498771.1,0.32521763842262,0.0723762603426883,1.2833341483498102,0.19285714285714303,0.0220494699646643,0.272349272349272,1.2811004844854599,0.380351851001146,0.150763837989587,0.0480565371024735,0.19332396450339298,0.0393639575971731,0.0687694699601623,0.709800147455682,0.24554039874081898,0.0592932862190813,0.0267399976779581,1.08073620734791,0.473072018341387,0.0306713780918728,0.30684931506849294,0.145233426069713,0.791364684570251,0.519844577405879,0.0964664310954064,0.0,0,0,0,0,0,0,0.190525144494321,0.42314712865908705,0,0.38632772684659206,Pterobat
5,7,0,MZ500507.1,0.325210388588154,0.0721352508669337,1.28289858964728,0.19285714285714303,0.0219081272084806,0.272066458982347,1.28206040729129,0.38034337210076397,0.150762674311892,0.0480565371024735,0.19332247232338198,0.0393639575971731,0.0687689391598102,0.7059014435829308,0.24579831932773102,0.0591519434628975,0.0267397912840424,1.08021564740615,0.4722356059502801,0.0306713780918728,0.30684931506849294,0.14547275591498302,0.7911156271813521,0.519957463662769,0.0964664310954064,0.0,0,0,0,0,0,0,0.19050108499782398,0.423157913182651,0,0.38634100181952497,Pterobat
6,8,0,MZ512916.1,0.32224817736436495,0.0719423633442095,1.28577803333468,0.19381688466111802,0.0219881221719457,0.27347781217750305,1.28998424231089,0.378872697265822,0.150338028383747,0.047935520361990995,0.19288201733812999,0.0388150452488688,0.0678791733878921,0.7036782348350811,0.24686192468619297,0.0594598416289593,0.0272980609294952,1.07981198777318,0.47040356269714506,0.0306843891402715,0.30653950953678494,0.146035827253528,0.7912226595546741,0.523708072560861,0.0962952488687783,0.0,0,0,0,0,0,0,0.190366202282888,0.42322775440123106,0,0.386406043315881,Pterobat
7,9,0,MZ512948.1,0.32528791192274,0.072052984551131,1.28269627162336,0.19285714285714303,0.0220494699646643,0.27263267429760696,1.2823660235981598,0.38175270015879,0.150329814943888,0.0480565371024735,0.193417978462837,0.0393639575971731,0.0682229255716689,0.70581076579079,0.24579831932773102,0.0591519434628975,0.0268603856812458,1.08021564740615,0.472220855219604,0.0306713780918728,0.30684931506849294,0.14554224121956,0.791968302181822,0.520235798791404,0.0964664310954064,0.0,0,0,0,0,0,0,0.19052889810461104,0.42313016559095795,0,0.38634093630443,Pterobat
8,10,0,MZ512988.1,0.32153045039692496,0.0719476768129237,1.28404163835477,0.19331742243436803,0.0221273568125222,0.27338877338877304,1.2861218015876998,0.3768903566564,0.150588160771236,0.047812166488794,0.192896263083154,0.0386339381003202,0.0678841867603665,0.7085654348073851,0.24868282402529002,0.0594806118818926,0.0273000770905714,1.0770701492591501,0.469660442546279,0.0305940946282462,0.305898491083676,0.146285641892057,0.7924774113180659,0.5236009188045561,0.0964781216648879,0.0,0,0,0,0,0,0,0.19036478185817104,0.42329474923255295,0,0.386340468909276,Pterobat
9,11,0,MZ530308.1,0.326439479609539,0.0722160704178853,1.28116877003322,0.19285714285714303,0.0220494699646643,0.271502590673575,1.28399528646419,0.380623919564094,0.150690866938654,0.0480565371024735,0.19353906871993298,0.0392932862190813,0.068605266896991,0.7065629880484641,0.24554039874081898,0.0591519434628975,0.027010919176753,1.07976662503465,0.47271390687817894,0.030530035335689,0.30684931506849294,0.14563574200940196,0.7919861299933509,0.517997708952296,0.0964664310954064,0.0,0,0,0,0,0,0,0.19035002742795798,0.422825313087221,0,0.38682465948482103,Pterobat
10,12,0,MZ530313.1,0.326439479609539,0.0722160704178853,1.28116877003322,0.19285714285714303,0.0220494699646643,0.271502590673575,1.28399528646419,0.380623919564094,0.150690866938654,0.0480565371024735,0.19353906871993298,0.0392932862190813,0.068605266896991,0.7065629880484641,0.24554039874081898,0.0591519434628975,0.027010919176753,1.07976662503465,0.47271390687817894,0.030530035335689,0.30684931506849294,0.14563574200940196,0.7919861299933509,0.517997708952296,0.0964664310954064,0.0,0,0,0,0,0,0,0.19035002742795798,0.422825313087221,0,0.38682465948482103,Pterobat
11,13,0,MZ538686.1,0.32315174796701396,0.0721730155024465,1.2832072025052201,0.19381688466111802,0.0219174208144796,0.27197518097207896,1.28765067671519,0.379430624740455,0.15010069004827697,0.047935520361990995,0.193500410333802,0.0388857466063348,0.0685763536003312,0.7010878518725839,0.247379454926625,0.0594598416289593,0.0271453559984336,1.07994610622766,0.470545424707038,0.0306843891402715,0.306122448979592,0.14698358306644402,0.7908449137459509,0.5249832180426229,0.0966487556561086,0.0,0,0,0,0,0,0,0.190367562010024,0.42333306071900106,0,0.38629937727097496,Pterobat
12,14,0,MZ538797.1,0.32216048493644,0.0716858819999156,1.2849704966984798,0.19381688466111802,0.0220588235294118,0.274043433298862,1.2866594136846101,0.378769595777492,0.150564327411194,0.0478648190045249,0.19347995576565802,0.0388857466063348,0.0685691045216584,0.703246213636241,0.24686192468619297,0.0596012443438914,0.0271424865133866,1.0792461091095,0.470545424707038,0.0307550904977376,0.30695770804911304,0.146488541478088,0.790591254323062,0.523845002856497,0.0965073529411765,0.190056464845233,0,0,0,0,0,0,0.0,0.42312139065848403,0,0.38682214449628294,Pterobat
13,15,0,MZ558291.1,0.322087192772414,0.0720043615556783,1.2856453796993998,0.19335705812574103,0.0219881221719457,0.27347781217750305,1.2893398086058798,0.37868342492588297,0.150249101112849,0.047935520361990995,0.193211703507737,0.0388150452488688,0.0681641289393755,0.703519103619605,0.24686192468619297,0.0594598416289593,0.0274126576992899,1.07945050022884,0.47045333558495595,0.0306843891402715,0.30695770804911304,0.14640886849654597,0.790730321702144,0.523763485540711,0.0963659502262444,0.0,0,0,0,0,0,0,0.19036341602301102,0.423259209508096,0,0.386377374468893,Pterobat
14,16,0,MZ562746.1,0.325050471880982,0.0724032715412896,1.28418210946558,0.194278903456496,0.0220323423487042,0.27141382868937003,1.28933393861605,0.380815110854216,0.150560445456721,0.0479485912011864,0.193714713262788,0.0392627639291011,0.0692865744219626,0.7030908368117671,0.245283018867925,0.0591766118211991,0.0271417867068738,1.07991331736776,0.4690395953535929,0.0307181696207895,0.30779753761969897,0.145286034947091,0.7911125889912571,0.524230480018594,0.0964621142574677,0.0,0,0,0,0,0,0,0.19041902174706798,0.423254319473046,0,0.386326658779886,Pterobat
15,17,0,MZ562747.1,0.32501535444419394,0.07241844535422501,1.2845518079774498,0.194047619047619,0.0220323423487042,0.27141382868937003,1.2891946430081298,0.38077396878016906,0.15035220277185096,0.0480192076830732,0.19375531074905203,0.0391921474472142,0.06930109505752,0.703135920898231,0.24502617801047102,0.0591059953393122,0.0271474749083246,1.07975591281055,0.469775341510415,0.0307181696207895,0.30779753761969897,0.145316483061789,0.7911796744843059,0.524090371845447,0.0964621142574677,0.0,0,0,0,0,0,0,0.190424584106212,0.42323747206683504,0,0.38633794382695297,Pterobat
16,18,0,MZ562748.1,0.3248426341522,0.0731442924181828,1.28608275122722,0.194047619047619,0.0220323423487042,0.273381294964029,1.29245899120131,0.38123004554021395,0.150125662471418,0.0478073582374126,0.19353260321794602,0.0392627639291011,0.0690673974309398,0.7072145367344169,0.245283018867925,0.0591059953393122,0.027149872202297,1.07975591281055,0.46906186915777204,0.0307887861026764,0.30779753761969897,0.145569132779793,0.7911850093670529,0.52309720250684,0.0964621142574677,0.0,0,0,0,0,0,0,0.190438768445131,0.42329074873137196,0,0.386270482823496,Pterobat
17,19,0,MZ562749.1,0.325001025444701,0.07241023931916901,1.28368086742441,0.194047619047619,0.0220323423487042,0.271134020618557,1.2891378060952399,0.382733429889592,0.150095396734436,0.0479485912011864,0.193733355529432,0.0392627639291011,0.0690534732580154,0.703204403414386,0.24554039874081898,0.0591766118211991,0.0273846146329349,1.07973217617225,0.469718212075719,0.0306475531389026,0.30684931506849294,0.14577955465581,0.7904376894112719,0.524259679024205,0.0965327307393546,0.0,0,0,0,0,0,0,0.19044739847585998,0.423254088568366,0,0.386298512955774,Pterobat
18,20,0,MZ562756.1,0.32413613470899394,0.0728974592463248,1.28401498529725,0.19308700834326603,0.0220323423487042,0.27188465499485104,1.2916034392215099,0.38024266927121503,0.15035100969554502,0.0480192076830732,0.19351397898613198,0.0392627639291011,0.0690607508649393,0.703545323454826,0.245283018867925,0.0591059953393122,0.0271472594874096,1.0795985426649601,0.468833726225302,0.0307181696207895,0.30832196452933197,0.14579491849265,0.7909972832648341,0.5244028720049411,0.0964621142574677,0.0,0,0,0,0,0,0,0.190438768445131,0.42327322019637803,0,0.38628801135849106,Pterobat
19,21,0,MZ571142.1,0.325173843648806,0.0729364802930467,1.2850692129443502,0.194278903456496,0.0220323423487042,0.27188465499485104,1.29180004148629,0.38030054815855296,0.150431490604409,0.0479485912011864,0.193857487094677,0.0392627639291011,0.0693376408049029,0.7038394943183499,0.245283018867925,0.0591766118211991,0.0269214212243493,1.07993697481,0.4687841351816989,0.0307181696207895,0.30779753761969897,0.14563303795355,0.7906908155601808,0.524093317797521,0.0964621142574677,0.0,0,0,0,0,0,0,0.190454769840134,0.42324645318081794,0,0.38629877697904796,Pterobat
20,22,0,MZ576113.1,0.325856312038307,0.0720900433654622,1.28494642196078,0.19381688466111802,0.0220323423487042,0.274043433298862,1.2875781326741598,0.381098715378019,0.15064663547134802,0.0480192076830732,0.192798953186701,0.0390509144834404,0.0684975162874492,0.7025004965931391,0.24686192468619297,0.0593884612668597,0.027354097151142998,1.0806649973049598,0.47151884327057897,0.0306475531389026,0.307588075880759,0.146575104782933,0.7927103081503158,0.52450235802778,0.0966033472212414,0.0,0,0,0,0,0,0,0.190369786189975,0.42335261128636503,0,0.386277602523659,Pterobat
21,23,0,MZ604925.1,0.324600741371339,0.0719256073643317,1.28429171453206,0.19381688466111802,0.022029231095107002,0.27347781217750305,1.28850660141916,0.38078768210348396,0.150303013395896,0.048012426745746,0.19331500451077802,0.0390453999858787,0.0678633637590372,0.704643757779954,0.246603970741902,0.0593094683329803,0.0272917029821276,1.07975844318287,0.46985168638078206,0.0306432253053732,0.30653950953678494,0.146240769790601,0.791158363564067,0.5229268734503799,0.0963072795311728,0.0,0,0,0,0,0,0,0.19036117836376001,0.423265295394078,0,0.3863735262421621,Pterobat
22,24,0,MZ604926.1,0.32455845362493796,0.0719294969454118,1.2841244019064098,0.19381688466111802,0.022029231095107002,0.27347781217750305,1.2883387396941102,0.38073807453677,0.150311141457355,0.048012426745746,0.193325458567568,0.0391160064957989,0.0678670336627805,0.704484588193828,0.24686192468619297,0.0593094683329803,0.0272931788583204,1.07991566475351,0.46990134832839603,0.0306432253053732,0.30653950953678494,0.146248678174724,0.791215960998805,0.522982145289874,0.0963072795311728,0.0,0,0,0,0,0,0,0.19036117836376001,0.423265295394078,0,0.3863735262421621,Pterobat
23,25,0,MZ637362.1,0.324762844569326,0.0723230204709841,1.2840239003776102,0.194278903456496,0.0220323423487042,0.27450980392156893,1.2891500720404299,0.38097785984281,0.150893212145442,0.0479485912011864,0.193181755676649,0.0391215309653273,0.0687188832382108,0.705090531362645,0.246346555323591,0.0593884612668597,0.0274424987955439,1.07992040030697,0.47195945076892204,0.0307181696207895,0.306122448979592,0.146327971650596,0.7918310965465891,0.522110394176961,0.0965327307393546,0.190021984567009,0,0,0,0,0,0,0.0,0.42304671647499503,0,0.386931298957996,Pterobat
24,26,0,MZ672101.1,0.323730512079901,0.0721525646362585,1.2829995863996202,0.19381688466111802,0.0221735753124779,0.27347781217750305,1.28898203892364,0.38026801409885397,0.150297867199117,0.0478779747192995,0.19296616123650498,0.0391215309653273,0.0685569218802988,0.704498852241979,0.24686192468619297,0.0595296942306334,0.0273778204399016,1.07904054988724,0.46997652059466993,0.0306475531389026,0.30570652173913004,0.145743386374901,0.791879252977888,0.524181066835434,0.0964621142574677,0.0,0,0,0,0,0,0,0.19035517425709603,0.423288027364688,0,0.386356798378216,Pterobat
25,27,0,MZ684694.1,0.32578624595391,0.0723516141379078,1.28334472068735,0.19285714285714303,0.0220494699646643,0.271502590673575,1.28433058055386,0.3803565135139029,0.150712498553051,0.0480565371024735,0.193017761304784,0.0392226148409894,0.0689864227826563,0.706882482956014,0.245283018867925,0.0592932862190813,0.0267308919372708,1.0796566328975898,0.474070235019665,0.0306713780918728,0.30695770804911304,0.14518396989799404,0.792974941078905,0.5198240401020301,0.0964664310954064,0.0,0,0,0,0,0,0,0.190525144494321,0.423126684793561,0,0.386348170712118,Pterobat
26,28,0,MZ684714.1,0.32534990536228303,0.0726622139738953,1.2844817786045502,0.194510739856802,0.0220323423487042,0.27188465499485104,1.2915105665748998,0.38116591420397,0.15084004154976902,0.0479485912011864,0.19376590393038698,0.0392627639291011,0.0690650746682569,0.704159242904713,0.24554039874081898,0.0591059953393122,0.0271489591418322,1.08045635539145,0.46929862723246,0.0306475531389026,0.30832196452933197,0.145804046521876,0.79184810900448,0.522639889414963,0.0963914977755808,0.0,0,0,0,0,0,0,0.189757799970311,0.42170922607179606,0,0.388532973957894,Pterobat
27,29,0,MZ685740.1,0.325148920762982,0.0726660168844246,1.2844512790014098,0.19381688466111802,0.0220323423487042,0.27188465499485104,1.2907127371320801,0.380930449317486,0.15060811420270198,0.0479485912011864,0.193776045025132,0.0392627639291011,0.0690686893158888,0.70384162484296,0.24554039874081898,0.0591059953393122,0.0271503800325116,1.08009439428792,0.46939790766978395,0.0306475531389026,0.30832196452933197,0.145811677444654,0.7914184572336759,0.522750454231848,0.0963914977755808,0.0,0,0,0,0,0,0,0.18975503836257604,0.42171764212781293,0,0.38852731950961106,Pterobat
28,30,0,MZ685892.1,0.32475003123045,0.0723263633561877,1.28159980238744,0.19285714285714303,0.0220494699646643,0.272538860103627,1.28612893465962,0.38030266456728495,0.150659899748604,0.0480565371024735,0.193190684845099,0.0392932862190813,0.0687220595344508,0.7061984475948241,0.246056782334385,0.0592226148409894,0.0267215628307189,1.07997165416162,0.474248861523774,0.0306713780918728,0.307065217391304,0.144893013633825,0.7927839385852209,0.517387064744296,0.0966077738515901,0.0,0,0,0,0,0,0,0.190379621254122,0.422774357328353,0,0.38684602141752505,Pterobat
29,31,0,MZ685898.1,0.32471131058764197,0.0723457435639224,1.2817008430530301,0.19285714285714303,0.0221201413427562,0.271502590673575,1.28597558674801,0.380257320264845,0.15070026981587803,0.0480565371024735,0.193242451247155,0.0392932862190813,0.0687404739511024,0.7060842868370492,0.24579831932773102,0.0592226148409894,0.0267287230059942,1.07963289266408,0.473577939514419,0.0306713780918728,0.307065217391304,0.144451135820324,0.792846441260921,0.518272159365008,0.0965371024734982,0.0,0,0,0,0,0,0,0.19036517902992398,0.42277146258344606,0,0.38686335838663,Pterobat
30,32,0,MZ702637.1,0.32708285992012603,0.0725210015122157,1.28202574321019,0.19500594530320997,0.0220354544812487,0.270381836945304,1.28856812488171,0.38285768946480797,0.150565125656156,0.0478847376227135,0.19378956364357003,0.0392683099088919,0.0691591007798613,0.7035834557231011,0.24554039874081898,0.0591143442333498,0.0271859200960406,1.07887862720191,0.47030793770552703,0.0306518821950703,0.309264305177112,0.145762410324222,0.7923948339461758,0.523921571473028,0.0965463662688043,0.0,0,0,0,0,0,0,0.19044183159278502,0.423299496092894,0,0.38625867231432104,Pterobat
31,33,0,MZ702699.1,0.325229909752049,0.0725014265294313,1.28487248839417,0.19500594530320997,0.0220354544812487,0.27188465499485104,1.2910342314169498,0.38168456113463595,0.150284413931867,0.0478847376227135,0.193977326608545,0.0391976834522212,0.06914043324661,0.7041047430400971,0.245283018867925,0.0591143442333498,0.0271785820297321,1.07957968239692,0.470166084840791,0.0306518821950703,0.30832196452933197,0.145963136853954,0.79197272840499,0.5236152035330129,0.0964757398121336,0.0,0,0,0,0,0,0,0.190429447852761,0.42332749050540497,0,0.38624306164183503,Pterobat
32,34,0,MZ716284.1,0.326025378149641,0.0719815726713494,1.28151076300949,0.19285714285714303,0.0220494699646643,0.271502590673575,1.28335444307995,0.38145872972240297,0.150222412531512,0.0480565371024735,0.19379654180747896,0.0393639575971731,0.0686111980312193,0.7052190217936659,0.24579831932773102,0.0592226148409894,0.0265308748109476,1.08102812664309,0.47244323014923995,0.0306713780918728,0.30684931506849294,0.145889073708487,0.7908623450617959,0.520206862934669,0.0964664310954064,0.0,0,0,0,0,0,0,0.19054239565382503,0.42318544264976504,0,0.38627216169640993,Pterobat
33,35,0,MZ716401.1,0.324506954648268,0.0722087056487398,1.28225836792729,0.19285714285714303,0.0220494699646643,0.271502590673575,1.28516626246372,0.380018006636545,0.15067549912037,0.0480565371024735,0.19351933113862302,0.0393639575971731,0.068357574680807,0.7063346225061078,0.24579831932773102,0.0592226148409894,0.0262847315593308,1.08012921649925,0.47209293858997203,0.0307420494699647,0.30968622100954996,0.14513949835396697,0.791444491863208,0.519821157178865,0.0964664310954064,0.0,0,0,0,0,0,0,0.19044976959601898,0.42312274779378706,0,0.38642748261019394,Pterobat
34,36,0,MZ724326.1,0.324890666803329,0.0720134189828308,1.2853605511858,0.194477791116447,0.0220525869380831,0.272256728778468,1.2886669436315,0.382448973756503,0.15074809040405898,0.0481340118744699,0.19299596287398602,0.0392281594571671,0.0691328822235175,0.70053752516223,0.245302713987474,0.059301668080294,0.0271756137795941,1.07875481843825,0.47201135449701004,0.030746395250212,0.30695770804911304,0.145227061615375,0.79198336090743,0.524952640205248,0.0963387051173311,0.0,0,0,0,0,0,0,0.19048439370492604,0.42311016380040295,0,0.38640544249467107,Pterobat
35,37,0,MZ724466.1,0.32516310142662297,0.0724716539653643,1.2845674940949499,0.194278903456496,0.0220323423487042,0.271134020618557,1.29076902876344,0.381606140734557,0.150462672305574,0.0479485912011864,0.19341772548372102,0.0392627639291011,0.0691120408676322,0.7037040656306949,0.24502617801047102,0.0591766118211991,0.0271674212000289,1.0795985426649601,0.469512060857447,0.0307181696207895,0.30779753761969897,0.1456632250231,0.791179046999242,0.524347403116427,0.0964621142574677,0.0,0,0,0,0,0,0,0.190445863594136,0.42326951054916395,0,0.38628462585670004,Pterobat
36,38,0,MZ724506.1,0.32525493249583004,0.0719915913302597,1.28347669184603,0.194047619047619,0.0220323423487042,0.271134020618557,1.2901449450062599,0.381713912187608,0.150222453909142,0.0479485912011864,0.193657380678399,0.0392627639291011,0.0686319837348476,0.7042712274108829,0.24554039874081898,0.0591059953393122,0.0274077959685478,1.0786311710749399,0.46937056696210794,0.0306475531389026,0.30684931506849294,0.145662986458225,0.7913172823829201,0.5239562989302929,0.0965327307393546,0.0,0,0,0,0,0,0,0.190452958618776,0.42327748645214097,0,0.38626955492908394,Pterobat
37,39,0,MZ724507.1,0.325177444721561,0.0719988848077043,1.2836791010388702,0.194047619047619,0.0220323423487042,0.271134020618557,1.28983758468582,0.381622973792805,0.150477669248102,0.0479485912011864,0.19391699641541701,0.0392627639291011,0.0686389368500114,0.7042712274108829,0.24554039874081898,0.0589647623755385,0.0274105726559082,1.0786311710749399,0.46937056696210794,0.0306475531389026,0.30684931506849294,0.145677743594255,0.791442076150841,0.5239562989302929,0.0965327307393546,0.0,0,0,0,0,0,0,0.19045740864098,0.423301662985427,0,0.3862409283735929,Pterobat
38,40,0,MZ733553.1,0.329461068130829,0.0719165435530843,1.2822893439780902,0.19285714285714303,0.0220494699646643,0.272066458982347,1.28519497748333,0.384644875115731,0.15032722314607902,0.0479151943462898,0.19289989274104896,0.0393639575971731,0.0683086901975784,0.702408023220035,0.24579831932773102,0.0593639575971732,0.0265069064627756,1.0809410697120798,0.47202074043828396,0.0306713780918728,0.30684931506849294,0.144795181334304,0.791919015381095,0.5217834080543471,0.0964664310954064,0.0,0,0,0,0,0,0,0.190539190775755,0.42316049555785296,0,0.38630031366639206,Pterobat
39,41,0,MZ741279.1,0.32575022375183,0.072018461023352,1.28524314706908,0.194477791116447,0.0219112242013005,0.272256728778468,1.2881490610976598,0.382955545403555,0.15075864507554998,0.0481340118744699,0.193249537079328,0.0392281594571671,0.0691377225824179,0.6982683180477119,0.245302713987474,0.059301668080294,0.0271775164881142,1.07972385749754,0.47351094588879794,0.030746395250212,0.30695770804911304,0.145477291267171,0.792152129997617,0.525148801180457,0.0963387051173311,0.0,0,0,0,0,0,0,0.190514565686472,0.42307209408934204,0,0.38641334022418605,Pterobat
40,42,0,MZ780381.1,0.32595084593401,0.0728977338041092,1.2811189390501698,0.19331742243436803,0.0219617258668173,0.271694214876033,1.29389606319093,0.383191299563318,0.150591371147963,0.0478779747192995,0.193514707828672,0.0391921474472142,0.0688212157953268,0.7049545436082422,0.24657534246575302,0.0591059953393122,0.0271473617336538,1.08045635539145,0.469618832363019,0.0307181696207895,0.310109289617486,0.145555672431231,0.7911837601789449,0.522805754184692,0.0963208812936939,0.0,0,0,0,0,0,0,0.18969677740486604,0.421615343639661,0,0.3886878789554729,Pterobat
41,43,0,MZ780417.1,0.323253966037669,0.0722228502685531,1.28497212989359,0.194477791116447,0.0220525869380831,0.271784232365145,1.28805798123599,0.38087309037289596,0.15092416218910298,0.0481340118744699,0.19363402048745001,0.0390867967203845,0.0683837618821849,0.700311070491093,0.24658971668415502,0.059301668080294,0.0271640996030571,1.07997654805876,0.4706616170249221,0.030746395250212,0.307901907356948,0.14492558658540197,0.7917476464532309,0.526775221633943,0.096550749222505,0.0,0,0,0,0,0,0,0.19049677413702,0.4231853242948811,0,0.386317901568099,Pterobat
42,44,0,MZ780900.1,0.32325171429572697,0.0719540739455867,1.2851496187562699,0.194711538461538,0.0220541457552838,0.27197518097207896,1.2910237178314,0.380870444877974,0.15086370837257998,0.0481374142927829,0.19307676508732396,0.0390895596239485,0.0693157579009152,0.701303468322089,0.24555903866248702,0.0593058598996254,0.0269129248453403,1.0785452574848902,0.471027857838906,0.0307485686011168,0.307065217391304,0.14534722937008498,0.7922989648078009,0.524145756680138,0.0964868876793666,0.0,0,0,0,0,0,0,0.190479944408434,0.423123638678182,0,0.386396416913383,Pterobat
43,45,0,MZ784987.1,0.32245476194127304,0.0719318113110051,1.28749038373414,0.194945848375451,0.0220525869380831,0.27197518097207896,1.29081121626337,0.379115551967247,0.150840286595318,0.0481340118744699,0.193662568914245,0.0392281594571671,0.0685637666342356,0.699759036991549,0.246603970741902,0.059301668080294,0.0265125338332124,1.07905556008873,0.470091500954483,0.0310998020921685,0.306233062330623,0.145066495720857,0.792199144686265,0.525786481115254,0.0962680237489398,0.190247678018576,0,0,0,0,0,0,0.0,0.42317892400257,0,0.38657339797885404,Pterobat
44,46,0,MZ817811.1,0.325241944891739,0.0722005968048296,1.2823621491248898,0.19285714285714303,0.0220494699646643,0.271502590673575,1.28416196478531,0.380380278150933,0.150658578666078,0.0480565371024735,0.193738268092959,0.0393639575971731,0.0685905669645881,0.70558268023067,0.24579831932773102,0.0592932862190813,0.0265228971008695,1.08105175076444,0.472335708887418,0.0306007067137809,0.30684931506849294,0.14560453688973998,0.7910485975606941,0.520067682520991,0.0964664310954064,0.0,0,0,0,0,0,0,0.19052180592102397,0.423157236855555,0,0.386320957223421,Pterobat
45,47,0,MZ849085.1,0.326631305454505,0.0721474169524662,1.28257872068922,0.195238095238095,0.0220370108772425,0.27347781217750305,1.2887089687932298,0.38216762040352703,0.150788101430654,0.0480293826811697,0.19359556882245102,0.0389885577058907,0.0680590633251598,0.7046678280177779,0.246603970741902,0.0594010453453878,0.027226180425665002,1.08011685511822,0.4715534180159529,0.0306540471818053,0.30653950953678494,0.14718073058303102,0.7912784246996128,0.524125347132215,0.0964825540330555,0.0,0,0,0,0,0,0,0.190335556354012,0.4233612890598761,0,0.38630315458611203,Pterobat
46,48,0,MZ849971.1,0.323174538286584,0.0720512442568187,1.2853521799697198,0.194711538461538,0.0220541457552838,0.27197518097207896,1.2907154872672801,0.38077951245708896,0.15106744212512999,0.0481374142927829,0.193097334608274,0.0390895596239485,0.0694093653007354,0.701076656074896,0.24555903866248702,0.0593058598996254,0.0269492693792907,1.0785452574848902,0.47114239348822795,0.0307485686011168,0.30517711171662104,0.14530334258458402,0.7919357484689091,0.5239762399412371,0.0964868876793666,0.0,0,0,0,0,0,0,0.190501077365972,0.423107018353178,0,0.386391904280851,Pterobat
47,49,0,MZ854551.1,0.325226223766291,0.0722792455796824,1.2842667177058602,0.194477791116447,0.0221232683064744,0.27197518097207896,1.29098946141375,0.382843978689653,0.150801881142992,0.0481340118744699,0.19330495910845302,0.0392281594571671,0.0689174202038832,0.7011262547063829,0.24684873949579803,0.059301668080294,0.0269447327562405,1.0810161592341199,0.47106118135201797,0.030746395250212,0.30695770804911304,0.145759143079293,0.7917513918788691,0.524981910671607,0.0964800678541137,0.0,0,0,0,0,0,0,0.19047632952086702,0.42309904722416103,0,0.386424623254972,Pterobat
48,50,0,MZ861063.1,0.32517300819844397,0.0721253575267842,1.2842510107528797,0.194711538461538,0.0220525869380831,0.27046632124352304,1.2887954593231001,0.38212022768066495,0.150501579372556,0.0481340118744699,0.19329595817178197,0.0390867967203845,0.0694807610841354,0.7011493618007649,0.245046923879041,0.059301668080294,0.027217855887808,1.07812543991113,0.471739278802863,0.0308170766186033,0.307901907356948,0.145212386487259,0.791809141798043,0.524212112654754,0.0963387051173311,0.0,0,0,0,0,0,0,0.190503440845774,0.423105783015039,0,0.386390776139187,Pterobat
49,51,0,MZ861798.1,0.325007031655336,0.0721342556047121,1.2845039482771499,0.194477791116447,0.0219819055696918,0.27197518097207896,1.29011937565624,0.38192518383371793,0.150520146695166,0.0481340118744699,0.193319805020628,0.0392988408255584,0.0690084378618412,0.700447468347353,0.24581589958159,0.0593723494486853,0.0272212137443376,1.07927514594558,0.471275571623734,0.030746395250212,0.309362279511533,0.14523030128415398,0.792044852077522,0.524209121271448,0.0963387051173311,0.0,0,0,0,0,0,0,0.19047424378250402,0.423134313104266,0,0.3863914431132299,Pterobat
50,52,0,MZ908711.1,0.32662697850806205,0.0720578636813196,1.28551193644152,0.19640718562874201,0.0220525869380831,0.27197518097207896,1.28869189702272,0.382822673185559,0.150600935093958,0.0479926491376873,0.19359546042381198,0.0392281594571671,0.0689353562551291,0.704238204455376,0.24555903866248702,0.059301668080294,0.0271923858198297,1.07936071181203,0.472146697846469,0.030746395250212,0.30832196452933197,0.145316691757328,0.7923302149341049,0.525145957612096,0.0963387051173311,0.0,0,0,0,0,0,0,0.190524714518046,0.42307389099275605,0,0.386401394489198,Pterobat
51,53,0,MZ942542.1,0.32538157424337105,0.0723359876662954,1.2863317860791499,0.194477791116447,0.0219819055696918,0.27197518097207896,1.29160612702704,0.382365319685734,0.151423334181445,0.0481340118744699,0.193619326986784,0.0392281594571671,0.068478068324093,0.701897586986468,0.24555903866248702,0.0591603053435115,0.0268142023390183,1.07921290842582,0.472224596402812,0.030746395250212,0.306648575305292,0.145636455168141,0.7934765092874271,0.5239639439653621,0.0963387051173311,0.0,0,0,0,0,0,0,0.19048453466740303,0.42309096378329003,0,0.386424501549308,Pterobat
52,54,0,MZ943384.1,0.325137775383195,0.0721298978870526,1.28487034325915,0.194477791116447,0.0220525869380831,0.27197518097207896,1.2906383644784198,0.38207882457817705,0.150511053590983,0.0481340118744699,0.193067693344344,0.0392281594571671,0.0692447019715705,0.7006508074269711,0.24555903866248702,0.0594430308170766,0.0272195692778791,1.07859742214907,0.47121828064736404,0.030746395250212,0.30978260869565194,0.145221527745933,0.7923456995463349,0.5250931592222899,0.0963387051173311,0.0,0,0,0,0,0,0,0.19048661843111803,0.423103426125447,0,0.386409955443434,Pterobat
53,55,0,MZ962700.1,0.323580485329054,0.0718633747389436,1.28264454070519,0.194047619047619,0.0220463538722442,0.271784232365145,1.2854160563988999,0.37943197272299295,0.150456430055447,0.0479084228377614,0.19371866233976104,0.039287733182589,0.0687388801850765,0.700036802074936,0.24579831932773102,0.0589315997738835,0.0267281032934989,1.0789983318822098,0.46971763212160295,0.0306670435274166,0.30779753761969897,0.145889861092103,0.791391825345356,0.521316221832753,0.0965234595816846,0.0,0,0,0,0,0,0,0.19053529188447305,0.423166778611687,0,0.38629792950384007,Pterobat
54,56,0,MZ964828.1,0.322669960900398,0.0721993171033311,1.2828109462891202,0.194047619047619,0.0219003885552808,0.27122153209109695,1.28771048813318,0.37820480489797,0.15063512006940802,0.0480395619922289,0.19333106174513198,0.0392794065701166,0.0686013444902083,0.6962772536206229,0.24554039874081898,0.0592723419286471,0.0269149364929062,1.0790935661296301,0.472408430920484,0.0306605439773932,0.30968622100954996,0.145837823251911,0.7910121672270259,0.52180797140387,0.0963617096432356,0.0,0,0,0,0,0,0,0.190456301860782,0.423195660999524,0,0.38634803713969396,Pterobat
55,57,0,MZ965576.1,0.32316503218325604,0.0720970091575433,1.28326862105422,0.194047619047619,0.0219710349699753,0.27122153209109695,1.2857422228453101,0.37894478773734996,0.15092307250312398,0.0480395619922289,0.193940954633791,0.039350052984811,0.0687324820635246,0.7031333507339319,0.24554039874081898,0.0593429883433416,0.0267256154779676,1.07894947447501,0.470730304424732,0.0306605439773932,0.30779753761969897,0.14635692858981303,0.790971887547563,0.521967940310696,0.0964323560579301,0.0,0,0,0,0,0,0,0.19048870588578898,0.42315767955962397,0,0.386353614554587,Pterobat
56,58,0,MZ965901.1,0.32316503218325604,0.0720970091575433,1.28326862105422,0.194047619047619,0.0219710349699753,0.27122153209109695,1.2857422228453101,0.37894478773734996,0.15092307250312398,0.0480395619922289,0.193940954633791,0.039350052984811,0.0687324820635246,0.7031333507339319,0.24554039874081898,0.0593429883433416,0.0267256154779676,1.07894947447501,0.470730304424732,0.0306605439773932,0.30779753761969897,0.14635692858981303,0.790971887547563,0.521967940310696,0.0964323560579301,0.0,0,0,0,0,0,0,0.19048870588578898,0.42315767955962397,0,0.386353614554587,Pterobat
57,59,0,MZ970734.1,0.32531950348119704,0.0722121261783445,1.2823621491248898,0.19285714285714303,0.0220494699646643,0.269989615784008,1.28249056539548,0.380470985263881,0.150682636625479,0.0480565371024735,0.193769205245224,0.0393639575971731,0.0683608127821661,0.7059248638777271,0.245283018867925,0.0592932862190813,0.026527132417486,1.08039709965813,0.4721855703912679,0.0306713780918728,0.30684931506849294,0.145868494880256,0.7906887998868871,0.520154506751809,0.0965371024734982,0.0,0,0,0,0,0,0,0.19050553610075102,0.42313567316707,0,0.386358790732179,Pterobat
58,60,0,MZ970735.1,0.32417097292403,0.072359787769433,1.28300731697867,0.19497607655502397,0.021920520435582,0.271784232365145,1.28577905774455,0.38012445720027,0.15024872875712803,0.0480130108895489,0.19327996467317,0.0391033800028285,0.0687538182792619,0.7056715860504671,0.24579831932773102,0.0589732711073398,0.0267339117518753,1.07816406526834,0.46969855269625604,0.0308301513223024,0.308743169398907,0.145921565368923,0.79069596193213,0.523529252845394,0.096662423985292,0.0,0,0,0,0,0,0,0.190584504698112,0.42320382623117403,0,0.38621166907071397,Pterobat
59,61,0,MZ970738.1,0.32388655126945304,0.072078730154297,1.28441855126553,0.194510739856802,0.0220463538722442,0.271784232365145,1.2826699813270401,0.379790867059377,0.150164021154785,0.0479790842283776,0.193411259247364,0.0392170717919729,0.0687150560804298,0.7050978898859058,0.24579831932773102,0.0589315997738835,0.0267188396405537,1.07774066656252,0.469476523355521,0.030808366308648995,0.307377049180328,0.14559903491168,0.7909928494849939,0.522668288145844,0.0964527981910684,0.0,0,0,0,0,0,0,0.19054696876341398,0.42316711003909996,0,0.38628592119748495,Pterobat
60,62,0,MZ970739.1,0.323971050761045,0.0720604192507814,1.28409849382047,0.194510739856802,0.0220463538722442,0.271784232365145,1.28498609430298,0.37988995155378297,0.15012587343912803,0.0479790842283776,0.19336212498959698,0.0392170717919729,0.0686975996857449,0.7050978898859058,0.246056782334385,0.0589315997738835,0.026712051978040004,1.07877887067395,0.469476523355521,0.030808366308648995,0.30695770804911304,0.145802248284081,0.791121609115236,0.522668288145844,0.0965234595816846,0.0,0,0,0,0,0,0,0.19053194657758998,0.42316294769299,0,0.386305105729419,Pterobat
61,63,0,MZ970740.1,0.32384431805113695,0.0720892373949075,1.2835961733769399,0.194510739856802,0.0220463538722442,0.271784232365145,1.28448342664319,0.37974134419237204,0.15018591123939098,0.0479790842283776,0.193199156218352,0.0392170717919729,0.0687250729831451,0.7047792735777779,0.24579831932773102,0.0589315997738835,0.0267227345659545,1.0772213203313201,0.469575893981695,0.030808366308648995,0.30832196452933197,0.14562025953771301,0.791294569676914,0.5227789174797729,0.0964527981910684,0.0,0,0,0,0,0,0,0.19054809043039397,0.423160157356596,0,0.38629175221301004,Pterobat
62,64,0,MZ970741.1,0.32385155005443106,0.0723043522265813,1.28458607683632,0.194510739856802,0.0220463538722442,0.27329192546583897,1.2864928548033798,0.379749824472861,0.15013362173293499,0.0479790842283776,0.19337210479202,0.0392170717919729,0.0687011453049909,0.70502925199374,0.246315789473684,0.0589315997738835,0.0267134306399732,1.0789124056065602,0.4695262034109029,0.030808366308648995,0.307377049180328,0.14532934583748097,0.791050493622109,0.522554567502021,0.0964527981910684,0.0,0,0,0,0,0,0,0.19054808161215198,0.423169581455925,0,0.38628233693192293,Pterobat
63,65,0,MZ970745.1,0.32384431805113695,0.0721126272821451,1.2835961733769399,0.194510739856802,0.0220463538722442,0.271784232365145,1.28448342664319,0.37974134419237204,0.15023464017113597,0.0479790842283776,0.19326184111614897,0.0392170717919729,0.0687473713423117,0.7047792735777779,0.24579831932773102,0.0589315997738835,0.0267314049551939,1.0778977544414199,0.471031943265359,0.030808366308648995,0.30832196452933197,0.145667507109933,0.791782721786523,0.5227789174797729,0.0964527981910684,0.0,0,0,0,0,0,0,0.19053473546495497,0.4231567819502321,0,0.38630848258481304,Pterobat
64,66,0,MZ970752.1,0.32375988464791605,0.0720911492485021,1.28326151135807,0.194510739856802,0.0220463538722442,0.271784232365145,1.2841485332977,0.37964233719349494,0.150189894267713,0.0479790842283776,0.19320427998598602,0.0392170717919729,0.0687268956169053,0.7044609450892609,0.24579831932773102,0.0589315997738835,0.0267234432703047,1.07753540191587,0.469675306682866,0.030808366308648995,0.30832196452933197,0.14562412148197398,0.791409918739549,0.5228895936558039,0.0964527981910684,0.0,0,0,0,0,0,0,0.19051624189219601,0.423159480983713,0,0.386324277124091,Pterobat
65,67,0,MZ970753.1,0.32371768445440197,0.0720904623681802,1.28309424578047,0.194510739856802,0.0220463538722442,0.271784232365145,1.28398115210201,0.37959285305152507,0.150188463267042,0.0479790842283776,0.19344274068795003,0.0392170717919729,0.0687262407909985,0.704301888655509,0.24579831932773102,0.0589315997738835,0.0267231886508749,1.0776924942219501,0.469725028819927,0.030808366308648995,0.30832196452933197,0.145622733983724,0.79122347645474,0.522944949318905,0.0964527981910684,0.0,0,0,0,0,0,0,0.190514572746919,0.42316453478184707,0,0.38632089247123397,Pterobat
66,68,0,MZ970754.1,0.32375988464791605,0.0720911492485021,1.28326151135807,0.194510739856802,0.0220463538722442,0.271784232365145,1.2841485332977,0.37964233719349494,0.150189894267713,0.0479790842283776,0.19320427998598602,0.0392170717919729,0.0687268956169053,0.7044609450892609,0.24579831932773102,0.0589315997738835,0.0267234432703047,1.07753540191587,0.469675306682866,0.030808366308648995,0.30832196452933197,0.14562412148197398,0.791409918739549,0.5228895936558039,0.0964527981910684,0.0,0,0,0,0,0,0,0.19051624189219601,0.423159480983713,0,0.386324277124091,Pterobat
67,69,0,MZ970755.1,0.32385155005443106,0.0723151062661156,1.28458607683632,0.194510739856802,0.0220463538722442,0.27329192546583897,1.2864928548033798,0.379749824472861,0.15015595154924302,0.0479790842283776,0.193400865595425,0.0392170717919729,0.0687113634289337,0.70502925199374,0.246315789473684,0.0589315997738835,0.026717403807291002,1.0789124056065602,0.4695262034109029,0.030808366308648995,0.307377049180328,0.145350961099667,0.791050493622109,0.522554567502021,0.0964527981910684,0.0,0,0,0,0,0,0,0.19054808161215198,0.423169581455925,0,0.38628233693192293,Pterobat
68,70,0,MZ970756.1,0.32375988464791605,0.0720785678828863,1.28391623661897,0.194510739856802,0.0220463538722442,0.271784232365145,1.2841485332977,0.37964233719349494,0.15016368308934602,0.0479790842283776,0.193410823819078,0.0392170717919729,0.06847463948874201,0.7046200733804491,0.24579831932773102,0.0589315997738835,0.0267187794882204,1.07753540191587,0.469625595071236,0.030808366308648995,0.307377049180328,0.14535844523048702,0.791409918739549,0.522834249710666,0.0964527981910684,0.0,0,0,0,0,0,0,0.190523607757022,0.423140828906909,0,0.386335563336068,Pterobat
69,71,0,MZ970757.1,0.32375988464791605,0.0720856547556072,1.28391623661897,0.194510739856802,0.0220463538722442,0.271784232365145,1.2841485332977,0.37964233719349494,0.15017844740751501,0.0479790842283776,0.19342984026087898,0.0392170717919729,0.0687216575336789,0.7046200733804491,0.24579831932773102,0.0589315997738835,0.026721406518627006,1.0778737175836601,0.469625595071236,0.030808366308648995,0.307377049180328,0.145613022606327,0.7911658071051441,0.522834249710666,0.0964527981910684,0.0,0,0,0,0,0,0,0.190523607757022,0.423140828906909,0,0.386335563336068,Pterobat
70,72,0,MZ970764.1,0.32375988464791605,0.0720911492485021,1.28326151135807,0.194510739856802,0.0220463538722442,0.271784232365145,1.2841485332977,0.37964233719349494,0.150189894267713,0.0479790842283776,0.19320427998598602,0.0392170717919729,0.0687268956169053,0.7044609450892609,0.24579831932773102,0.0589315997738835,0.0267234432703047,1.07753540191587,0.469675306682866,0.030808366308648995,0.30832196452933197,0.14562412148197398,0.791409918739549,0.5228895936558039,0.0964527981910684,0.0,0,0,0,0,0,0,0.19051624189219601,0.423159480983713,0,0.386324277124091,Pterobat
71,73,0,MZ970783.1,0.32312298078023904,0.0723485735999375,1.28179501668699,0.194047619047619,0.0219710349699753,0.27197518097207896,1.28656306108829,0.37955442672827505,0.150465804231099,0.0480395619922289,0.19349037125564703,0.039350052984811,0.068502802245788,0.702771383922925,0.24554039874081898,0.0592723419286471,0.0267297685858033,1.07910693362683,0.47082272145093107,0.0306605439773932,0.30968622100954996,0.146139311457681,0.7912738973969141,0.522218268727258,0.0964323560579301,0.0,0,0,0,0,0,0,0.19048356147980303,0.423166674941661,0,0.386349763578536,Pterobat
72,74,0,MZ970793.1,0.32342114114992,0.0718472555980205,1.28323188701246,0.194047619047619,0.0219710349699753,0.27122153209109695,1.2857721207795,0.379904658977044,0.150903265938317,0.0481102084069234,0.193915502567233,0.0392087601554221,0.0684831700516249,0.703813593332487,0.245283018867925,0.0592016955139526,0.0267221081107627,1.07818695770722,0.471995065732551,0.0306605439773932,0.30968622100954996,0.145857137618724,0.791362960012179,0.52160731159752,0.0964323560579301,0.0,0,0,0,0,0,0,0.190411382978102,0.423114665046757,0,0.386473951975141,Pterobat
73,75,0,MZ970801.1,0.326144179352359,0.0723801074883019,1.28389043832801,0.194510739856802,0.0219003885552808,0.27347781217750305,1.28777535059432,0.38291581905175204,0.15101231728456302,0.0481102084069234,0.193334240599983,0.0392794065701166,0.06901359086093901,0.70787273186793,0.24658971668415502,0.0590604026845638,0.0269823327221953,1.07902178995325,0.469889255384825,0.0306605439773932,0.308743169398907,0.14620300781690196,0.791244149859647,0.525141692165923,0.0963617096432356,0.0,0,0,0,0,0,0,0.19051835487057198,0.4232900250732029,0,0.386191620056225,Pterobat
74,76,0,MZ970807.1,0.323375453483023,0.0718582456958187,1.28269544631885,0.194047619047619,0.0219710349699753,0.27046632124352304,1.28460157209311,0.38051045576765097,0.150686020238389,0.0481102084069234,0.19418549338535604,0.0392794065701166,0.06897430272474901,0.703291999955668,0.245283018867925,0.0592016955139526,0.0269669721888643,1.07798110117836,0.472145048276476,0.0306605439773932,0.30968622100954996,0.14587944861994,0.7911671681256629,0.521857365596088,0.0964323560579301,0.0,0,0,0,0,0,0,0.190443785686123,0.42311365528118106,0,0.38644255903269603,Pterobat
75,77,0,MZ970808.1,0.323203563843228,0.0723415817852384,1.28196183019775,0.194047619047619,0.0219710349699753,0.27197518097207896,1.28688391475193,0.379649083128766,0.150451263114815,0.0480395619922289,0.193471672216335,0.039350052984811,0.0684961820890131,0.703043458216659,0.24554039874081898,0.0592723419286471,0.0267271854030313,1.0801481680117,0.472180296329889,0.0306605439773932,0.30968622100954996,0.14588485097554701,0.7911584419511709,0.522191993664436,0.0962204168138467,0.0,0,0,0,0,0,0,0.19048342339710803,0.4231312983788521,0,0.38638527822403995,Pterobat
76,78,0,MZ970810.1,0.322390091391899,0.0720876253659388,1.2831659041907801,0.194047619047619,0.0219710349699753,0.27122153209109695,1.28659358558546,0.379195708541786,0.150663137014812,0.0480395619922289,0.19367542014982198,0.0392087601554221,0.0689638282667481,0.703609513273933,0.245283018867925,0.0592723419286471,0.0267221370034917,1.07818695770722,0.47131658474294497,0.0306605439773932,0.308743169398907,0.146097587408303,0.791425345740205,0.5217468377202861,0.09657364888731901,0.0,0,0,0,0,0,0,0.19048801217328798,0.42310938727587605,0,0.3864026005508351,Pterobat
77,79,0,MZ977241.1,0.3225903866201,0.0722345703205022,1.28213335003621,0.192076830732293,0.0221953475136942,0.27338877338877304,1.2903615464804,0.377126530802445,0.151428617515737,0.0480187806786654,0.19270551484173898,0.0389841360176425,0.0688748228637347,0.7062277237972701,0.246822033898305,0.0594721491072064,0.027168507690765002,1.0803810742863298,0.46649871371855994,0.0305186028313296,0.31034482758620696,0.145429068485795,0.78980758407464,0.522391924905346,0.09689122856939598,0.0,0,0,0,0,0,0,0.190546537428471,0.42307602475767797,0,0.38637743781385,Pterobat
78,80,0,MZ977726.1,0.330462706643602,0.0719650188398121,1.28207825835599,0.19401197604790402,0.0220416813846697,0.270186335403727,1.28722150102792,0.38267973631894,0.15088665616747302,0.04789826916284,0.193585900679094,0.0392794065701166,0.0690864180862196,0.705763546086438,0.24554039874081898,0.0592016955139526,0.0271573490782074,1.0798411846579299,0.46919796445969497,0.0306605439773932,0.30779753761969897,0.14536933805642002,0.7914717621123009,0.524948676744182,0.0964323560579301,0.0,0,0,0,0,0,0,0.190526663104384,0.42325762021975205,0,0.386215716675864,Pterobat
79,81,0,MZ978262.1,0.32859061536596196,0.0719556843918269,1.28263402802577,0.19331742243436803,0.022044796156292002,0.272256728778468,1.28763973069614,0.382804087645967,0.15086708494153,0.0479050378011729,0.19380064329532,0.0392849572528792,0.0690774570161538,0.702444751548707,0.24579831932773102,0.0592100614710662,0.0271538265492555,1.07995641265598,0.47035951966009604,0.0306648767045856,0.30906593406593397,0.145590334752796,0.7907240026140641,0.5236178212152429,0.0964459831837773,0.0,0,0,0,0,0,0,0.19052861506474103,0.42321911447778,0,0.386252270457479,Pterobat
80,82,0,MZ978268.1,0.32852306322139196,0.0721878895026478,1.2817749514578702,0.19331742243436803,0.0220416813846697,0.27197518097207896,1.28836454311522,0.382725374927923,0.150851104641746,0.0477569763334511,0.19306063471638396,0.0392794065701166,0.0690701401221347,0.7043825614758441,0.24579831932773102,0.0590604026845638,0.0271509503334877,1.0784645404559399,0.46886295960833796,0.0306605439773932,0.31053351573187393,0.14581474025784,0.791888067996538,0.523467153712265,0.09657364888731901,0.0,0,0,0,0,0,0,0.19051902386598601,0.42321822833311895,0,0.38626274780089503,Pterobat
81,83,0,MZ978279.1,0.327323930905357,0.0719683606317221,1.28306932695676,0.19331742243436803,0.0220416813846697,0.272256728778468,1.28655116044673,0.38182100085346504,0.150893662791177,0.04789826916284,0.19335499556389302,0.039350052984811,0.0693295207418923,0.705354439838236,0.24579831932773102,0.0592016955139526,0.0269182684831522,1.0789123731201702,0.46927492372491797,0.0306605439773932,0.308219178082192,0.145855877546957,0.790955732512611,0.523461083488065,0.09657364888731901,0.0,0,0,0,0,0,0,0.19052987269387198,0.42323227308171996,0,0.386237854224408,Pterobat
82,84,0,MZ978320.1,0.328433903119036,0.07240690216886501,1.2824812141470199,0.19331742243436803,0.0220416813846697,0.27197518097207896,1.28900414386778,0.381302119994312,0.150807753192769,0.04789826916284,0.193244911086441,0.0392794065701166,0.0690502908100434,0.7042235227399041,0.24554039874081898,0.0592016955139526,0.0269029428717748,1.079951568283,0.4689125642380039,0.0306605439773932,0.30864197530864196,0.145772836154536,0.79053392249924,0.5215871470401789,0.0964323560579301,0.0,0,0,0,0,0,0,0.190548789392214,0.423230818657087,0,0.38622039195069896,Pterobat
83,85,0,MZ978563.1,0.32768985785830296,0.0719340772663515,1.28267895405906,0.19331742243436803,0.0220416813846697,0.27197518097207896,1.2889794408806898,0.382908038273551,0.150821782001784,0.04789826916284,0.19302310733137698,0.0392794065701166,0.0695362746908065,0.702226924549911,0.246056782334385,0.0592016955139526,0.02762612707935,1.07880282920765,0.47031159891451896,0.0306605439773932,0.30695770804911304,0.145067055820476,0.792614485714454,0.5236918779044749,0.09657364888731901,0.0,0,0,0,0,0,0,0.190483976932623,0.42321045331776,0,0.386305569749617,Pterobat
84,86,0,MZ979065.1,0.328483888040946,0.0724263157627911,1.2828812214964298,0.19308700834326603,0.0220416813846697,0.272256728778468,1.28722150102792,0.38267973631894,0.150848187466211,0.04789826916284,0.19353654576348497,0.0392794065701166,0.0693086266736643,0.705900998999942,0.24554039874081898,0.0592016955139526,0.0271504252853731,1.07893625812792,0.47051071474809797,0.0306605439773932,0.30968622100954996,0.145332276000832,0.791692209335233,0.523574874360993,0.09657364888731901,0.0,0,0,0,0,0,0,0.19051679828045398,0.42324832951731195,0,0.38623487220223407,Pterobat
85,87,0,MZ979100.1,0.32853031040360703,0.0719505270708141,1.28321552279193,0.19331742243436803,0.0220416813846697,0.27197518097207896,1.28839296429366,0.38273381780710103,0.150856271758474,0.04789826916284,0.193786752910726,0.0391381137407277,0.0690725059879816,0.7044730540422242,0.24579831932773102,0.0590604026845638,0.0271518803374806,1.07979414667783,0.47030415441398604,0.0306605439773932,0.30864197530864196,0.14581973486351701,0.790902188979785,0.5234086777021121,0.0967149417167079,0.19028282125965196,0,0,0,0,0,0,0.0,0.423335018010464,0,0.38638216072988396,Pterobat
86,88,0,MZ983984.1,0.32316503218325604,0.0718480824430354,1.2820628834714598,0.194047619047619,0.0220416813846697,0.27122153209109695,1.2857422228453101,0.37894478773734996,0.150905002589385,0.0480395619922289,0.19391773421916197,0.039350052984811,0.0687242527715991,0.7028162669230041,0.24554039874081898,0.0592723419286471,0.0269631581219816,1.0787920497844399,0.47083006712568,0.0306605439773932,0.30968622100954996,0.146339405377286,0.7917093653350121,0.522078561893893,0.0964323560579301,0.0,0,0,0,0,0,0,0.19048953907698601,0.42316149095528005,0,0.386348969967734,Pterobat
87,89,0,MZ984080.1,0.32325171429572697,0.0721105554833236,1.2851496187562699,0.194711538461538,0.0220541457552838,0.27197518097207896,1.2910237178314,0.380870444877974,0.150951429478424,0.0481374142927829,0.193256288695307,0.0390895596239485,0.0692261332639907,0.701303468322089,0.24555903866248702,0.0593058598996254,0.0267306369608027,1.0785452574848902,0.471027857838906,0.0307485686011168,0.307065217391304,0.14542295355803603,0.7922989648078009,0.524145756680138,0.0964868876793666,0.0,0,0,0,0,0,0,0.190479944408434,0.423123638678182,0,0.386396416913383,Pterobat
88,90,0,MZ984461.1,0.323647637918612,0.0720662438049155,1.28407870091982,0.194047619047619,0.0219725872544864,0.271502590673575,1.2866725666489098,0.37819066377761495,0.151122190186228,0.0480429560548255,0.194024502551696,0.0393528331213791,0.0679688319497865,0.704468572305063,0.24579831932773102,0.0592765296029391,0.0260791358278993,1.08086722083174,0.4710763018971379,0.0306627101879327,0.30968622100954996,0.146542729877554,0.7911386797649219,0.5216285377324601,0.0964391691394659,0.0,0,0,0,0,0,0,0.19050789645827498,0.42313802448369303,0,0.38635407905803204,Pterobat
89,91,0,MZ987731.1,0.323716310379132,0.0718263797924936,1.2847068332904799,0.194510739856802,0.0218297421405864,0.272066458982347,1.2849656601593702,0.38157169498469606,0.151124631308367,0.0481102084069234,0.194750721048103,0.0390674673260332,0.06821095799085801,0.7042907550906781,0.244514106583072,0.0592016955139526,0.0268039892334602,1.07763089107413,0.47332389821138104,0.0308018368067821,0.309264305177112,0.146545097026296,0.791705497988234,0.521276132352061,0.0964323560579301,0.0,0,0,0,0,0,0,0.190420826931054,0.423105460876474,0,0.38647371219247206,Pterobat
90,92,0,MZ990136.1,0.32451784579344106,0.0721094653096228,1.2832659882521,0.19381688466111802,0.0219787985865724,0.27122153209109695,1.28619877905937,0.380690536477437,0.151453994028238,0.0481978798586572,0.19438203692159198,0.0392226148409894,0.0684919336051266,0.7041555228750109,0.24554039874081898,0.0590106007067138,0.0265780133138915,1.07934174944818,0.472150363834904,0.0306713780918728,0.310719131614654,0.146871787202543,0.791956591966268,0.521672872431414,0.0964664310954064,0.0,0,0,0,0,0,0,0.190355730301632,0.42319871004679604,0,0.386445559651572,Pterobat
91,93,0,MZ995597.1,0.325141374764526,0.0722398791285118,1.28499107050155,0.194477791116447,0.0220525869380831,0.27046632124352304,1.2886700829081799,0.38076096762238004,0.15047974821786403,0.0481340118744699,0.193199676739043,0.0392281594571671,0.0693598839473087,0.701353082999721,0.24555903866248702,0.0591603053435115,0.0269300574715465,1.07833089826903,0.4724320357789771,0.030746395250212,0.307901907356948,0.145199757052324,0.791885506941114,0.524929325084878,0.0963387051173311,0.0,0,0,0,0,0,0,0.19049565423030101,0.42310016729096706,0,0.38640417847873204,Pterobat
92,94,0,MZ995753.1,0.324290631414617,0.0722118010274218,1.2827141361589,0.19381688466111802,0.0219003885552808,0.27122153209109695,1.28628692521469,0.380423954236312,0.150901072578898,0.0480395619922289,0.19336449045881,0.039350052984811,0.068613206291836,0.7057181865301801,0.24554039874081898,0.0592723419286471,0.027159943817381002,1.0795418894794,0.47205246510817206,0.0306605439773932,0.309264305177112,0.14562313363337198,0.7915501467093359,0.52160731159752,0.0962910632285412,0.0,0,0,0,0,0,0,0.190550601540434,0.423117028019312,0,0.38633237044025304,Pterobat
93,95,0,OK012635.1,0.325505680642901,0.0724101507583094,1.28189576048648,0.194774346793349,0.0221060809379193,0.271694214876033,1.2881714170123302,0.379369111917038,0.150334981872384,0.0480259905360548,0.19301381245178503,0.0388445511688679,0.0688136200915059,0.702696290478615,0.244769874476987,0.0591849706900205,0.0271443655163265,1.07960341568283,0.46853956639662603,0.0306518821950703,0.31043956043956,0.1457793763611,0.789167467505127,0.525211266659519,0.0967582456388163,0.0,0,0,0,0,0,0,0.189745335812752,0.42172517453416297,0,0.38852948965308504,Pterobat
94,96,0,OK012654.1,0.326367456018555,0.0724218972029121,1.28149574370895,0.19454329774614498,0.0221060809379193,0.271694214876033,1.2876679628368402,0.37922084363463104,0.150359369358364,0.0480259905360548,0.19280531573225604,0.0388445511688679,0.0688247831034297,0.7024922659807429,0.244769874476987,0.0591143442333498,0.0271487689015215,1.07890261768548,0.46858913681203,0.0306518821950703,0.31043956043956,0.145803024832353,0.7895887938922149,0.5243842190022271,0.0966876191821456,0.0,0,0,0,0,0,0,0.19025714369107702,0.422935699483378,0,0.386807156825545,Pterobat
95,97,0,OK012708.1,0.322717324075485,0.07179997931766001,1.2850186407879298,0.193045563549161,0.0220530696450167,0.273958333333333,1.2878811729308701,0.375282278648664,0.15152437106837302,0.0480899196130042,0.193307636624469,0.0389841360176425,0.0689183747965498,0.702392712483816,0.24708377518557803,0.0593298712385288,0.0274262685812566,1.0820029688396802,0.469368653784041,0.0305186028313296,0.308437067773167,0.14600129573624498,0.7896516794403019,0.5210258353274211,0.0968200896350573,0.0,0,0,0,0,0,0,0.19056003270264,0.423107918710582,0,0.386332048586779,Pterobat
96,98,0,OK012710.1,0.327363755278958,0.0724246639258683,1.2812763742461202,0.19454329774614498,0.0221060809379193,0.271694214876033,1.2867076906885901,0.38054836674012,0.15036511351496498,0.0480259905360548,0.192812681445027,0.0388445511688679,0.069067229174338,0.7022652894812339,0.245283018867925,0.0591143442333498,0.0271498060618978,1.0797607980093298,0.468695681217807,0.0306518821950703,0.31043956043956,0.14604841169156899,0.789349391947352,0.5252375444196571,0.0967582456388163,0.0,0,0,0,0,0,0,0.19029122246898497,0.422924831975813,0,0.386783945555202,Pterobat
97,99,0,OK012716.1,0.328270087020352,0.0722059285100875,1.2814934984018798,0.19331742243436803,0.0220416813846697,0.27122153209109695,1.28638368437794,0.3824306607290421,0.15088880077357097,0.04789826916284,0.193588652184852,0.0392794065701166,0.0693272868419112,0.703405654125021,0.24579831932773102,0.0592016955139526,0.0271577350753389,1.07888842829174,0.46848922826128403,0.0306605439773932,0.30864197530864196,0.145851177854263,0.7905202690236509,0.5245134133483379,0.09657364888731901,0.0,0,0,0,0,0,0,0.19051012183583102,0.423207214363311,0,0.3862826638008571,Pterobat
98,100,0,OK012749.1,0.326328574977809,0.0724371698903207,1.28084158559578,0.19454329774614498,0.0221060809379193,0.271694214876033,1.2875145594578998,0.37983510196729897,0.15039107788487102,0.0480259905360548,0.19308583364804,0.0387739247121972,0.0688392972136491,0.702220101440568,0.244769874476987,0.0591143442333498,0.0271544941680082,1.0787213390689798,0.468688309116117,0.0306518821950703,0.31043956043956,0.146073630672865,0.7894022577869398,0.525378000394966,0.096828872095487,0.0,0,0,0,0,0,0,0.190282171918232,0.42294558529950893,0,0.38677224278225897,Pterobat
99,101,0,OK012832.1,0.324674652405354,0.07241406854028799,1.28236600785924,0.19454329774614498,0.0221060809379193,0.271694214876033,1.28879999217003,0.37823403996296,0.150103334126557,0.0480259905360548,0.19302425554613198,0.0388445511688679,0.0690571249655726,0.705902640824345,0.24400417101147,0.0591143442333498,0.0273860627947649,1.0785027022256601,0.46959724174318107,0.0307931351084116,0.31043956043956,0.146027045500117,0.789927400426154,0.523087873155859,0.0967582456388163,0.0,0,0,0,0,0,0,0.190263123330852,0.4229791456883089,0,0.386757730980839,Pterobat
100,102,0,OK012856.1,0.32822080520805197,0.0724431707939612,1.2813638984496,0.19454329774614498,0.0221060809379193,0.271694214876033,1.28717918187013,0.38105468914638196,0.15040353671461498,0.0480259905360548,0.19310182943423398,0.0387739247121972,0.0686051220101751,0.7020615151484629,0.242931937172775,0.0591143442333498,0.0271567437244604,1.0787213390689798,0.46875265856782206,0.0306518821950703,0.31043956043956,0.146085731832855,0.789526700485417,0.5253224107218739,0.0967582456388163,0.0,0,0,0,0,0,0,0.190282171918232,0.42294558529950893,0,0.38677224278225897,Pterobat
101,103,0,OK012862.1,0.326208343503047,0.0724287072798921,1.28153080790622,0.19454329774614498,0.0221060809379193,0.271694214876033,1.28704019163929,0.37969515671586296,0.150373508160571,0.0480259905360548,0.19306327602752696,0.0388445511688679,0.0688312549315531,0.701993249526034,0.244769874476987,0.0591143442333498,0.027151321792474,1.07887862720191,0.468802262023755,0.0306518821950703,0.31129476584022,0.14605656534256398,0.7890959567954581,0.525208277248336,0.0967582456388163,0.0,0,0,0,0,0,0,0.19027286073274602,0.42295602532184995,0,0.38677111394540503,Pterobat
102,104,0,OK012891.1,0.328573121233735,0.07217606746125299,1.28469164519781,0.19331742243436803,0.0220416813846697,0.27197518097207896,1.2885608549588001,0.38278369190376604,0.150586612510521,0.04789826916284,0.19350859282801103,0.0391381137407277,0.0688190410677064,0.704950878858441,0.245283018867925,0.0590604026845638,0.0271465038860162,1.07929842142739,0.47088270866365095,0.0306605439773932,0.30864197530864196,0.145551072920201,0.7915768107186111,0.5232425865202729,0.09657364888731901,0.0,0,0,0,0,0,0,0.190511234544106,0.42320384550238604,0,0.386284919953508,Pterobat
103,105,0,OK012900.1,0.32633586826594896,0.0724268659821364,1.282031797276,0.196449704142012,0.0221060809379193,0.271694214876033,1.28754333479474,0.379843591100818,0.150369685333773,0.0480259905360548,0.19281854387297198,0.0388445511688679,0.0688295050889839,0.7024692847314089,0.244769874476987,0.0591143442333498,0.0271506315458886,1.07908383199177,0.468653483140218,0.0306518821950703,0.31043956043956,0.14605285226199,0.7896557067206099,0.525041597376153,0.0967582456388163,0.0,0,0,0,0,0,0,0.190280659668415,0.42293313721885206,0,0.38678620311273404,Pterobat
104,106,0,OK012902.1,0.32665437589563,0.0724234857750075,1.2799986385300601,0.19454329774614498,0.0221060809379193,0.270186335403727,1.2868202686797598,0.3802143228947029,0.15036266748652202,0.0479553640793841,0.19280954491094698,0.0388445511688679,0.0685864799061329,0.7010826519857151,0.244769874476987,0.0591143442333498,0.0271493644089352,1.07845490364611,0.469053834978375,0.0306518821950703,0.31043956043956,0.14628584875084302,0.789420688736303,0.525439765523368,0.0967582456388163,0.0,0,0,0,0,0,0,0.190284393387504,0.42293884841692403,0,0.386776758195573,Pterobat
105,107,0,OK012906.1,0.326459822961803,0.0724259245583554,1.28216388538972,0.19454329774614498,0.0221060809379193,0.271694214876033,1.28803239241293,0.3806475712152871,0.15036773078837398,0.0480259905360548,0.19305585850819898,0.0388445511688679,0.0688286104246622,0.7024922659807429,0.246346555323591,0.0591143442333498,0.027150278634716,1.07960341568283,0.46857441159263796,0.0306518821950703,0.308743169398907,0.145571311943449,0.7897177432033651,0.525462903109962,0.0966876191821456,0.0,0,0,0,0,0,0,0.190301742382005,0.42297935938489706,0,0.38671889823309796,Pterobat
106,108,0,OK012913.1,0.32644887483969504,0.0724285927154145,1.28166271383842,0.19454329774614498,0.0221060809379193,0.271694214876033,1.28699995808013,0.37997512681896595,0.150133440529303,0.0480259905360548,0.19306297064870398,0.0388445511688679,0.0688311460573641,0.7027645902333941,0.244769874476987,0.0591143442333498,0.0271512788457321,1.0792649820102,0.4684900064678761,0.0306518821950703,0.31043956043956,0.146056334316846,0.789229660543783,0.525325473281787,0.0967582456388163,0.0,0,0,0,0,0,0,0.190286779876673,0.4229383045347229,0,0.38677491558860294,Pterobat
107,109,0,OK013022.1,0.321644057487813,0.0722417795783843,1.2851205535994799,0.193045563549161,0.0220530696450167,0.27338877338877304,1.2895636360579499,0.37320002553383597,0.15168373652338502,0.0480899196130042,0.19320475933753897,0.0389841360176425,0.0686416908950761,0.7028034577229569,0.24656084656084698,0.0593298712385288,0.0271712192010203,1.08113692437831,0.468535225713936,0.0305186028313296,0.308437067773167,0.14592359463009197,0.790018228899087,0.520745181290721,0.0968200896350573,0.0,0,0,0,0,0,0,0.190504137395397,0.423103426125447,0,0.38639243647915505,Pterobat
108,110,0,OK013047.1,0.326321322531214,0.07245147265085,1.2813638984496,0.19454329774614498,0.0221060809379193,0.271694214876033,1.28748594525952,0.3798266603719149,0.15018086715043696,0.0480259905360548,0.19288405301749498,0.0388445511688679,0.0688528895721654,0.7022884624622341,0.244769874476987,0.0591143442333498,0.0271598558383767,1.0784068659742099,0.468653483140218,0.0306518821950703,0.31043956043956,0.145862567456016,0.7896557067206099,0.525381045636942,0.0967582456388163,0.0,0,0,0,0,0,0,0.19027508208683,0.42294928858081,0,0.3867756293323599,Pterobat
109,111,0,OK013059.1,0.32608091836886605,0.0726749333526611,1.28103020993438,0.196449704142012,0.0221060809379193,0.271134020618557,1.2885136895545501,0.379546838295271,0.150146892009128,0.0478847376227135,0.193320119743382,0.0388445511688679,0.0688373131096163,0.7020615151484629,0.244769874476987,0.0591143442333498,0.0271537115141525,1.0786731395584699,0.46873791101146206,0.0306518821950703,0.31043956043956,0.146069420500893,0.7895127795180931,0.525433601834314,0.0967582456388163,0.0,0,0,0,0,0,0,0.190284393387504,0.42293884841692403,0,0.386776758195573,Pterobat
110,112,0,OK013201.1,0.326371093358914,0.072430477890945,1.28166271383842,0.19454329774614498,0.0221060809379193,0.271694214876033,1.2876823137978999,0.379884591882865,0.150377184230538,0.0480259905360548,0.19282815968317799,0.0388445511688679,0.0688329375983484,0.702537489057038,0.244769874476987,0.0591143442333498,0.0271519855407621,1.07856408532976,0.46858913681203,0.0306518821950703,0.31043956043956,0.14582029985991599,0.7898328707991371,0.525266832811302,0.0967582456388163,0.0,0,0,0,0,0,0,0.190282171918232,0.42294558529950893,0,0.38677224278225897,Pterobat
111,113,0,OK013374.1,0.328690692722726,0.072160410416077,1.2833827387839498,0.19331742243436803,0.0220416813846697,0.27197518097207896,1.28704186909501,0.381600245185863,0.15103341714992902,0.04789826916284,0.19346661530157502,0.0392794065701166,0.0690438478399673,0.705064837940054,0.24579831932773102,0.0592016955139526,0.0271406150359768,1.07950299449675,0.46866464599530705,0.0306605439773932,0.30864197530864196,0.146238705494375,0.7906716724572029,0.523161158846476,0.09657364888731901,0.0,0,0,0,0,0,0,0.19048953907698601,0.42324033112872794,0,0.38627012979428604,Pterobat
112,114,0,OK013505.1,0.32263268800832695,0.0722185901380176,1.28503371223588,0.193045563549161,0.0221953475136942,0.27338877338877304,1.2895349721320502,0.3751838568604,0.15163504640274802,0.0480899196130042,0.19290281219590102,0.0390552749519812,0.0688595859455517,0.70687033319108,0.246822033898305,0.0594010101728676,0.0269221212215909,1.08177288726125,0.468513432594594,0.0305186028313296,0.30929264909847404,0.145636824630487,0.789508186197467,0.5210814648208371,0.0967489507007185,0.0,0,0,0,0,0,0,0.190471045808124,0.42313824195846705,0,0.386390712233409,Pterobat
113,115,0,OK013508.1,0.322794825834389,0.0722097004240512,1.28349912902118,0.193045563549161,0.0220530696450167,0.27338877338877304,1.29217558366421,0.37670115594864795,0.15161638095681199,0.0480899196130042,0.19335886558732604,0.0388418581489649,0.0686112103696965,0.700542557438824,0.24630021141649,0.0594010101728676,0.0269188072555252,1.0830279163946301,0.469987102930931,0.0305186028313296,0.30991735537190096,0.14513909885897303,0.7895264571631941,0.5221714338627821,0.0968200896350573,0.0,0,0,0,0,0,0,0.19051095316798,0.423094218853115,0,0.386394827978905,Pterobat
114,116,0,OK013589.1,0.32164047769440995,0.0722197035351171,1.2854060636628701,0.193045563549161,0.021981930710678003,0.273673257023933,1.2885534926828701,0.3765161199103221,0.151397451596873,0.0480899196130042,0.19314571875670802,0.0389129970833037,0.0688606475567395,0.702438182773521,0.24656084656084698,0.0594010101728676,0.0271629160693117,1.0817966355822999,0.46936137470959,0.0305186028313296,0.308437067773167,0.145639069919655,0.7895173072328109,0.52099670856436,0.0968200896350573,0.0,0,0,0,0,0,0,0.19049454528464999,0.423117130375873,0,0.38638832433947706,Pterobat
115,117,0,OK013808.1,0.328273679514084,0.0721846270833577,1.28241536705515,0.19331742243436803,0.0220416813846697,0.27197518097207896,1.28639776219224,0.38111610509249705,0.150844287160904,0.04789826916284,0.193531541715182,0.0391381137407277,0.0690670186046744,0.703678117172395,0.24554039874081898,0.0590604026845638,0.0271497232885536,1.0787311157955601,0.46765422103005605,0.0306605439773932,0.30864197530864196,0.145808150387646,0.79003653790734,0.523574874360993,0.09657364888731901,0.0,0,0,0,0,0,0,0.19054530799154198,0.423238671541885,0,0.38621602046657205,Pterobat
116,118,0,OK013935.1,0.322717324075485,0.0722522484954708,1.28425882465906,0.193045563549161,0.0221953475136942,0.27263267429760696,1.2888772140545601,0.375282278648664,0.15170571777122102,0.0480899196130042,0.192752676218814,0.0390552749519812,0.06913171949068299,0.710820689284704,0.24576271186440699,0.0593298712385288,0.0269346686055504,1.08147862378551,0.46857070807535106,0.0305186028313296,0.30939226519337,0.145464659761646,0.7903846241744621,0.519214315142689,0.0968200896350573,0.0,0,0,0,0,0,0,0.19044684759404398,0.42314869707173297,0,0.38640445533422296,Pterobat
117,119,0,OK013996.1,0.322629117606607,0.0722401267561708,1.28213335003621,0.192076830732293,0.0221953475136942,0.27338877338877304,1.29051647042643,0.37717180953108004,0.15144026572473002,0.0480187806786654,0.19272033815682799,0.0389841360176425,0.068880120860535,0.7063426323107421,0.246822033898305,0.0594721491072064,0.0271705975497414,1.08056416292282,0.466448879436569,0.0305186028313296,0.31034482758620696,0.14544025519680898,0.7897495142574158,0.522421107743481,0.09689122856939598,0.0,0,0,0,0,0,0,0.19054876268553897,0.42306928727417104,0,0.38638195004028997,Pterobat
118,120,0,OK014145.1,0.319942613598387,0.0722232229302074,1.2871895866423402,0.19640718562874201,0.0223376253823718,0.27338877338877304,1.28874080804584,0.37486811234561895,0.15164477372721302,0.0480899196130042,0.19291518683018902,0.0388418581489649,0.0683841147345818,0.7076752413363672,0.246040126715945,0.0593298712385288,0.0271642397667069,1.08042943604286,0.46970000024129704,0.0305186028313296,0.308864265927978,0.14468639012264098,0.7915367376644219,0.520050131515947,0.0967489507007185,0.0,0,0,0,0,0,0,0.190503853339561,0.422968239140589,0,0.38652790751985,Pterobat
119,121,0,OK014299.1,0.323752231013222,0.07222218175342199,1.28526891413478,0.193045563549161,0.0221953475136942,0.27263267429760696,1.28803579907722,0.375991632121726,0.151402646798702,0.0480899196130042,0.19291240574668198,0.0390552749519812,0.0693428921154118,0.7114216447235049,0.24576271186440699,0.0593298712385288,0.0269234601276138,1.08111303581258,0.467615978001664,0.0304474638969908,0.308437067773167,0.145884008325849,0.7900669969727281,0.5192433697476629,0.0966778117663797,0.0,0,0,0,0,0,0,0.190467987199552,0.42306883744831897,0,0.386463175352129,Pterobat
120,122,0,OK014707.1,0.322883122947854,0.0722100400381556,1.28532062989853,0.192814371257485,0.0221953475136942,0.27338877338877304,1.29153249179141,0.37547508323018997,0.15137719356835902,0.0479476417443267,0.192640073590163,0.0389129970833037,0.068851433524753,0.7074222449208609,0.24656084656084698,0.0594010101728676,0.0269189338591057,1.08100186895182,0.46831342686029503,0.0305186028313296,0.308437067773167,0.144899881006797,0.7906392727371371,0.521028540960929,0.0968200896350573,0.0,0,0,0,0,0,0,0.190483281361316,0.423110612802635,0,0.386406105836049,Pterobat
121,123,0,OK014859.1,0.32280200455936797,0.0722222574418362,1.2852539041347502,0.193045563549161,0.0220530696450167,0.27338877338877304,1.29021171575426,0.37538075208835103,0.151642746522394,0.0480899196130042,0.193152548972353,0.0389841360176425,0.0688630826770997,0.7031921578656549,0.246822033898305,0.0594010101728676,0.0271638766320178,1.08150235116909,0.46837795594515,0.0305186028313296,0.308437067773167,0.14540427910216902,0.7897768461240781,0.52080343608067,0.0968200896350573,0.0,0,0,0,0,0,0,0.190506918631983,0.42311836277048903,0,0.386374718597528,Pterobat
122,124,0,OK015370.1,0.32467404938273,0.0722163144434087,1.28397291790323,0.193045563549161,0.0220530696450167,0.27159209157128,1.28774093819592,0.37656970312681504,0.15163026820011402,0.0480899196130042,0.193136654906791,0.0389841360176425,0.0683775734763172,0.7026435479487309,0.246822033898305,0.0594010101728676,0.0271616413809771,1.0820029688396802,0.46859252487325,0.0305186028313296,0.308437067773167,0.145632235439034,0.7897143054756289,0.520745181290721,0.0968200896350573,0.0,0,0,0,0,0,0,0.19052582406353102,0.42313217132346503,0,0.38634200461300394,Pterobat
123,125,0,OK015482.1,0.32852306322139196,0.0721600952943195,1.28308355273552,0.193548387096774,0.0220416813846697,0.27197518097207896,1.28836454311522,0.382725374927923,0.1507930230569,0.04789826916284,0.19346577044025198,0.0392794065701166,0.0690435463281196,0.704313923015786,0.24579831932773102,0.0590604026845638,0.027140496513947003,1.0801559842145,0.47036881443750106,0.0306605439773932,0.30916552667578695,0.145758597803808,0.791399850938587,0.523353302260121,0.09657364888731901,0.0,0,0,0,0,0,0,0.19051624189219601,0.42318868514121705,0,0.386295072966587,Pterobat
124,126,0,OK016680.1,0.328487510727942,0.072174197004985,1.28335191070369,0.19331742243436803,0.0220416813846697,0.27197518097207896,1.28822511737283,0.382683956705251,0.150822491415733,0.04789826916284,0.19326379663128898,0.0391381137407277,0.0690570389948029,0.700499516482072,0.24686192468619297,0.0592016955139526,0.0271458003792981,1.07914111795936,0.47027678125693106,0.0306605439773932,0.30864197530864196,0.14530751955156498,0.790729880834733,0.525121394999511,0.0964323560579301,0.0,0,0,0,0,0,0,0.19053250291260398,0.423210901753986,0,0.386256595333409,Pterobat
125,127,0,OK016840.1,0.324624247810847,0.0719941052310851,1.28336603272789,0.193045563549161,0.0220530696450167,0.27263267429760696,1.28853919223079,0.37651194130946397,0.15166758168681901,0.0480899196130042,0.193424162720849,0.0389841360176425,0.0688743606710714,0.702552456107306,0.246822033898305,0.0594010101728676,0.0271683253732735,1.08197936179343,0.467851929913816,0.0305186028313296,0.308437067773167,0.14566807291756198,0.789276001261414,0.522921417027767,0.09689122856939598,0.0,0,0,0,0,0,0,0.190510256223082,0.42311409591941,0,0.386375647857508,Pterobat
