"","Reservoir","Genbank.accession","TGG.W..AAG.K.","ApU","CAT.H..GTT.V.","AGA.Bias","AAT.N..ATA.I.","CpA","TTT.F..ACT.T.","K.Bias","TGG.W..TGG.W.","GCT.Bias","CAG.Q..AGC.S.","tga","GTA.Bias","ApC","GAG.E..AAA.K.","AAC.N..AAG.K.","aca","GpG","CGA.R..CCC.P.","C.Bias","GCA.Bias","AAT.N..GGT.G.","GCT.A..CAG.Q.","AGA.R..GAA.E.","cag","bird","camelid","carnivore","human","rodent","swine","yangochiroptera","yinpterochiroptera"
"2",0,"MZ411658.1",-1.03182523804671,0.791527516131864,0.100349263442248,0.435684647302905,-9999,1.26953868730447,-0.39337212859389,0.0593926553672316,0,0.540679711637487,-9999,0.150108979557631,0.221354166666667,1.24596403492674,-0.414692865041033,-0.207571360631908,0.192894819272307,0.952782600461091,-9999,0.0306497175141243,0.274974253347065,0.207420066639581,-0.571673455146015,0.397733352404839,0.104215788355298,0,0,0,0,0,0,0,1
"3",0,"MZ436120.1",-1.03858202050959,0.791462013340026,0.0994823445129507,0.435684647302905,-1.50764704181297,1.26904220123321,-0.396538616731029,0.0594598416289593,0,0.540763673890609,-9999,0.150239096164316,0.221061792863359,1.24499903173,-0.46818154999202,-0.214328143094788,0.192958839163115,0.953602370263978,-9999,0.0306843891402715,0.273477812177503,0.207420066639581,-0.576027564014567,0.397733352404839,0.104399371935268,0,0,0,0,0,0,0,1
"4",0,"MZ467310.1",-1.03639910416654,0.790541847857929,0.104435206120925,0.434782608695652,-9999,1.27022971119463,-0.391605310553539,0.0594059405940594,0,0.540289256198347,-9999,0.150570692962961,0.221447253705318,1.24575178145378,-0.469371318127608,-0.220308537390899,0.193488135702404,0.952728239630706,-9999,0.0306930693069307,0.273760330578512,0.211266225227059,-0.583446501050798,0.399805892006811,0.105015865474167,0,0,0,0,0,0,0,1
"5",0,"MZ498767.1",-1.04096297401533,0.791231118513787,0.194050548217556,0.440082644628099,-9999,1.26864660989498,-0.420855959182987,0.0592932862190813,0,0.54149377593361,0.590058478058614,0.150757188786403,0.221354166666667,1.24814234900603,-0.463933747851708,-0.223416884394134,0.193315438252422,0.953386570470608,-9999,0.0306713780918728,0.271784232365145,0.210837840720004,-0.573478144440727,0.386578219613056,0.104111423834948,0,0,0,0,0,0,0,1
"6",0,"MZ498771.1",-1.04096297401533,0.791364684570251,0.192306889653439,0.440082644628099,-9999,1.26864092090233,-0.419703780767773,0.0592932862190813,0,0.540540540540541,0.591108346921451,0.15076645000139,0.220970537261698,1.24812969858296,-0.463933747851708,-0.223416884394134,0.19332731387738,0.953386570470608,-9999,0.0306713780918728,0.272349272349272,0.210837840720004,-0.5717162120784,0.386578219613056,0.10411781953844,0,0,0,0,0,0,0,1
"7",0,"MZ500507.1",-1.03659282753018,0.791115627181352,0.195785154029764,0.440082644628099,-9999,1.268210349025,-0.422004647562382,0.0591519434628975,0,0.541017653167186,0.590058478058614,0.150765286263211,0.220970537261698,1.24857860987601,-0.466320383829439,-0.216428935366906,0.193325821619812,0.953238117352022,-9999,0.0306713780918728,0.272066458982347,0.209602073946093,-0.572598481123875,0.386578219613056,0.104357470874376,0,0,0,0,0,0,0,1
"8",0,"MZ512916.1",-1.03858202050959,0.791222659554674,0.0994823445129507,0.435684647302905,-9999,1.27018249747074,-0.394649995193944,0.0594598416289593,0,0.541795665634675,-9999,0.150340593997812,0.221061792863359,1.24569705173637,-0.46818154999202,-0.218418128346313,0.192885308992424,0.953374766620116,-9999,0.0306843891402715,0.273477812177503,0.209341296817474,-0.577934142285148,0.397733352404839,0.10421065021152,0,0,0,0,0,0,0,1
"9",0,"MZ512948.1",-1.03659282753018,0.791968302181822,0.192306889653439,0.440082644628099,-9999,1.26801034739292,-0.418090748241246,0.0591519434628975,0,0.54006243496358,0.590058478058614,0.150332423076807,0.220970537261698,1.24750932010449,-0.466320383829439,-0.208232168162728,0.193421334149778,0.953692635460883,-9999,0.0306713780918728,0.272632674297607,0.205763297638928,-0.57083132536423,0.386578219613056,0.104131535093011,0,0,0,0,0,0,0,1
"10",0,"MZ512988.1",-1.04117238291919,0.792477411318066,0.130119414191758,0.433054393305439,-9999,1.26855029708013,-0.377788351643329,0.0594806118818926,0,0.542619542619543,-9999,0.150590741933399,0.221347331583552,1.24520544786303,-0.464842520895674,-0.199327017191237,0.192899569428973,0.953842898540953,-9999,0.0305940946282462,0.273388773388773,0.206384621076178,-0.581142940687871,0.403063071519709,0.104457387658564,0,0,0,0,0,0,0,1
"11",0,"MZ530308.1",-1.03659282753018,0.791986129993351,0.194925795288429,0.443298969072165,-9999,1.26713181512014,-0.420239572495704,0.0591519434628975,0,0.541968911917098,0.595314792211434,0.150693498259757,0.221546481320591,1.24749650806766,-0.466320383829439,-0.216428935366906,0.193542448244161,0.953543969887052,-9999,0.030530035335689,0.271502590673575,0.209602073946093,-0.570148768604588,0.37929634141567,0.103992957265519,0,0,0,0,0,0,0,1
"12",0,"MZ530313.1",-1.03659282753018,0.791986129993351,0.194925795288429,0.443298969072165,-9999,1.26713181512014,-0.420239572495704,0.0591519434628975,0,0.541968911917098,0.595314792211434,0.150693498259757,0.221546481320591,1.24749650806766,-0.466320383829439,-0.216428935366906,0.193542448244161,0.953543969887052,-9999,0.030530035335689,0.271502590673575,0.209602073946093,-0.570148768604588,0.37929634141567,0.103992957265519,0,0,0,0,0,0,0,1
"13",0,"MZ538686.1",-1.03858202050959,0.790844913745951,0.100946317422757,0.435684647302905,-9999,1.26871103155648,-0.394637475474005,0.0594598416289593,0,0.541882109617373,-9999,0.150103283826306,0.221061792863359,1.24598523974079,-0.46818154999202,-0.218418128346313,0.193503754070014,0.953602370263978,-9999,0.0306843891402715,0.271975180972079,0.209341296817474,-0.5863903131302,0.397733352404839,0.105024342357703,0,0,0,0,0,0,0,1
"14",0,"MZ538797.1",-1.03620672248068,0.790591254323062,0.104698667041308,0.434237995824635,-9999,1.26851082467127,-0.398856891016713,0.0596012443438914,0,0.53981385729059,-9999,0.150566936530913,0.221061792863359,1.24666255004724,-0.465561147245319,-0.220116155705042,0.193483308567591,0.953602370263978,-9999,0.0307550904977376,0.274043433298862,0.211266225227059,-0.582566216691797,0.399583271753184,0.104533733005538,0,0,0,0,0,0,0,1
"15",0,"MZ558291.1",-1.03858202050959,0.790730321702144,0.0994823445129507,0.435684647302905,-9999,1.27005145282587,-0.395271464397542,0.0594598416289593,0,0.541795665634675,-9999,0.15025167585028,0.221061792863359,1.24600572824569,-0.46818154999202,-0.218418128346313,0.193215014472005,0.95412832598415,-9999,0.0306843891402715,0.273477812177503,0.207802695525245,-0.577934142285148,0.397733352404839,0.104408113410338,0,0,0,0,0,0,0,1
"16",0,"MZ562746.1",-1.03878289552181,0.791112588991257,0.10604592568246,0.436853002070393,-9999,1.26797580229848,-0.389352943542811,0.0591766118211991,0,0.542827657378741,0.56479714667742,0.150563024601007,0.222029488291414,1.24617429263035,-0.466598024448288,-0.218619003358539,0.193718031652252,0.951488330255375,-9999,0.0307181696207895,0.27141382868937,0.228348242881721,-0.551460402260007,0.36551113444288,0.10453101707968,0,0,0,0,0,0,0,1
"17",0,"MZ562747.1",-1.03997692551442,0.791179674484306,0.10604592568246,0.436853002070393,-9999,1.26834083523558,-0.389352943542811,0.0591059953393122,0,0.542827657378741,0.565844815709864,0.150354779428566,0.222029488291414,1.2460968934897,-0.464473661236275,-0.219813033351147,0.193758631225329,0.952240500398565,-9999,0.0307181696207895,0.27141382868937,0.227568984264575,-0.551460402260007,0.364956461909104,0.104552924770103,0,0,0,0,0,0,0,1
"18",0,"MZ562748.1",-0.913179565071242,0.791185009367053,0.106050458613068,0.436853002070393,-9999,1.26922375185509,-0.389352943542811,0.0591059953393122,0,0.541623843782117,0.56479714667742,0.150128235700221,0.221546481320591,1.24567923704913,-0.459800629921791,0.178918042575673,0.193535920463384,0.950658863548529,-9999,0.0307887861026764,0.273381294964029,0.225602415292534,-0.549240267768421,0.364591737346841,0.104562157772039,0,0,0,0,0,0,0,1
"19",0,"MZ562749.1",-1.03878289552181,0.790437689411272,0.102269735773162,0.436853002070393,-9999,1.26748088590414,-0.391824125426581,0.0591766118211991,0,0.543298969072165,0.58279657385403,0.150097963577968,0.221546481320591,1.24743132581074,-0.466598024448288,-0.226749129441789,0.193736668643766,0.951338593394098,-9999,0.0306475531389026,0.271134020618557,0.229455984608525,-0.552328278456997,0.36551113444288,0.104780846778869,0,0,0,0,0,0,0,1
"20",0,"MZ562756.1",-1.03997692551442,0.790997283264834,0.106924950853308,0.43801652892562,-9999,1.2678107872279,-0.392410503293961,0.0591059953393122,0,0.542739443872297,0.56479714667742,0.15035358629092,0.221739130434783,1.24601211482027,-0.464473661236275,-0.219813033351147,0.19351729527396,0.950961929780385,-9999,0.0307181696207895,0.271884654994851,0.224411229922381,-0.551297881663101,0.362296573777217,0.104312296709012,0,0,0,0,0,0,0,1
"21",0,"MZ571142.1",-1.03878289552181,0.790690815560181,0.106050458613068,0.436853002070393,-9999,1.26864209386725,-0.389352943542811,0.0591766118211991,0,0.542739443872297,0.56479714667742,0.150434078642314,0.221546481320591,1.24683662645805,-0.466598024448288,-0.218619003358539,0.193860822237623,0.950508821065062,-9999,0.0307181696207895,0.271884654994851,0.226377798894422,-0.551297881663101,0.36551113444288,0.104608067445054,0,0,0,0,0,0,0,1
"22",0,"MZ576113.1",-1.03858202050959,0.792710308150316,0.0895682692034066,0.435684647302905,-9999,1.26869663450028,-0.394967805157222,0.0593884612668597,0,0.53981385729059,-9999,0.150649236361111,0.220486111111111,1.245526089487,-0.465236039762263,-0.171737405599785,0.192802281829402,0.951488330255375,-9999,0.0306475531389026,0.274043433298862,0.209265587993575,-0.57843459089981,0.396622061938981,0.104424589910086,0,0,0,0,0,0,0,1
"23",0,"MZ604925.1",-1.03977178864518,0.791158363564067,0.0966109413316405,0.435684647302905,-9999,1.26894010586893,-0.392184817629814,0.0593094683329803,0,0.541795665634675,-9999,0.150305577217689,0.221354166666667,1.24711451065274,-0.464585880975844,-0.218301560567846,0.193318302017664,0.952530169447379,-9999,0.0306432253053732,0.273477812177503,0.208726402553636,-0.573735311546574,0.396622061938981,0.104186377848827,0,0,0,0,0,0,0,1
"24",0,"MZ604926.1",-1.03977178864518,0.791215960998805,0.0966109413316405,0.435684647302905,-9999,1.26877479319229,-0.392184817629814,0.0593094683329803,0,0.541795665634675,-9999,0.150313705695116,0.221354166666667,1.2469520413314,-0.464585880975844,-0.218301560567846,0.193328756609458,0.952530169447379,-9999,0.0306432253053732,0.273477812177503,0.208726402553636,-0.573735311546574,0.396622061938981,0.104192012214739,0,0,0,0,0,0,0,1
"25",0,"MZ637362.1",-1.03858202050959,0.791831096546589,0.104426092773668,0.435684647302905,-9999,1.26757592319321,-0.39775522654562,0.0593884612668597,0,0.540763673890609,-9999,0.150895803553553,0.221546481320591,1.24530710745678,-0.461316861738843,-0.222491453733949,0.193185073339262,0.950811672618297,-9999,0.0307181696207895,0.274509803921569,0.208885271721317,-0.580192570900741,0.395150391327525,0.104762054696416,0,0,0,0,0,0,0,1
"26",0,"MZ672101.1",-1.03620672248068,0.791879252977888,0.103440626770697,0.435684647302905,-9999,1.26764745459655,-0.399654562349272,0.0595296942306334,0,0.540763673890609,-9999,0.150300455629566,0.221739130434783,1.24538505095178,-0.469475980852075,-0.216042830317406,0.19296948450048,0.952622742470903,-9999,0.0306475531389026,0.273477812177503,0.209341296817474,-0.580192570900741,0.397733352404839,0.104515149369204,0,0,0,0,0,0,0,1
"27",0,"MZ684694.1",-1.03420619155245,0.792974941078905,0.196683171474031,0.437759336099585,-9999,1.2697352785429,-0.565674185130707,0.0592932862190813,0,0.541968911917098,0.592157114715535,0.150715096833189,0.221932114882507,1.2452837050909,-0.467616993268005,-0.20734134659693,0.193021088926716,0.954375022394248,-9999,0.0306713780918728,0.271502590673575,0.231910893656512,-0.574355213894571,0.391871459180384,0.103601605638125,0,0,0,0,0,0,0,1
"28",0,"MZ684714.1",-1.03659282753018,0.79184810900448,0.104312846625383,0.436853002070393,-9999,1.26785286098861,-0.390669325037581,0.0591059953393122,0,0.542739443872297,0.58279657385403,0.150842629277781,0.220575414123801,1.24693982410633,-0.467792054440895,-0.215122599452851,0.193769228070664,0.952173054149204,-9999,0.0306475531389026,0.271884654994851,0.194792044318179,-0.551297881663101,0.36551113444288,0.104558642869813,0,0,0,0,0,0,0,1
"29",0,"MZ685740.1",-1.03659282753018,0.791418457233676,0.104312846625383,0.436853002070393,-9999,1.26782275623373,-0.390669325037581,0.0591059953393122,0,0.542739443872297,0.58279657385403,0.150610698222362,0.220575414123801,1.24691021592472,-0.467792054440895,-0.215122599452851,0.19377936968737,0.953304363873562,-9999,0.0306475531389026,0.271884654994851,0.224214579996436,-0.551297881663101,0.36551113444288,0.104564115326353,0,0,0,0,0,0,0,1
"30",0,"MZ685892.1",-1.03200320853643,0.792783938585221,0.194050548217556,0.437759336099585,-9999,1.26843109884104,-0.423276236814668,0.0592226148409894,0,0.541968911917098,0.589007505812639,0.150662486854422,0.221354166666667,1.24660675096009,-0.457998683148912,-0.233005836311163,0.193194002282225,0.95460264746586,-9999,0.0306713780918728,0.272538860103627,0.208987179682255,-0.574355213894571,0.387831049643379,0.103805732569554,0,0,0,0,0,0,0,1
"31",0,"MZ685898.1",-1.03200320853643,0.792846441260921,0.194050548217556,0.437759336099585,-9999,1.26853110129286,-0.424224553623527,0.0592226148409894,0,0.541968911917098,0.590058478058614,0.150702867463588,0.221354166666667,1.24626851142158,-0.457998683148912,-0.233005836311163,0.193245782202112,0.954375022394248,-9999,0.0306713780918728,0.271502590673575,0.208987179682255,-0.574355213894571,0.387831049643379,0.10383355461606,0,0,0,0,0,0,0,1
"32",0,"MZ702637.1",-1.03659282753018,0.792394833946176,0.105184306375523,0.433884297520661,-9999,1.26670132162602,-0.389027020687384,0.0591143442333498,0,0.543859649122807,0.578913073827633,0.150567715705926,0.221254355400697,1.24665720026558,-0.463875045424319,-0.215122599452851,0.193792897248297,0.952942507608486,-9999,0.0306518821950703,0.270381836945304,0.226177289164285,-0.557243238090057,0.370856150647236,0.104220715496606,0,0,0,0,0,0,0,1
"33",0,"MZ702699.1",-1.03659282753018,0.79197272840499,0.104312846625383,0.435684647302905,-9999,1.26780274244807,-0.407594807560764,0.0591143442333498,0,0.542739443872297,0.583845341648115,0.15028698681677,0.220575414123801,1.24688334346646,-0.463875045424319,-0.215122599452851,0.193980647520687,0.953169763914269,-9999,0.0306518821950703,0.271884654994851,0.226177289164285,-0.551297881663101,0.366715357981205,0.104432650583538,0,0,0,0,0,0,0,1
"34",0,"MZ716284.1",-1.03200320853643,0.790862345061796,0.18938704471505,0.43595041322314,-9999,1.2679207693737,-0.420239572495704,0.0592226148409894,0,0.540932642487047,0.590058478058614,0.150225029514295,0.220677671589922,1.24830026228229,-0.468809599253128,-0.21996944245641,0.193799917883024,0.954068413159687,-9999,0.0306713780918728,0.271502590673575,0.213455643262083,-0.572441337712286,0.367024714973163,0.104242688749503,0,0,0,0,0,0,0,1
"35",0,"MZ716401.1",-1.03878289552181,0.791444491863208,0.194056607923842,0.438669438669439,-9999,1.26887156401407,-0.426844464518103,0.0592226148409894,0,0.541968911917098,0.590058478058614,0.150678096623073,0.221739130434783,1.2483566126867,-0.465126353836831,-0.218619003358539,0.193522667228356,0.954523381399841,-9999,0.0307420494699647,0.271502590673575,0.209602073946093,-0.574355213894571,0.389794615235544,0.103982328660012,0,0,0,0,0,0,0,1
"36",0,"MZ724326.1",-1.04096297401533,0.79198336090743,0.10507997140013,0.4375,-9999,1.26718520402537,-0.393517588706181,0.059301668080294,0,0.541407867494824,0.583923242741592,0.150750690175682,0.221453287197232,1.244938579101,-0.462464239872348,-0.21409812905981,0.192999291244026,0.94699238384152,-9999,0.030746395250212,0.272256728778468,0.225005353660853,-0.585737459517556,0.39191131438891,0.104421258322327,0,0,0,0,0,0,0,1
"37",0,"MZ724466.1",-1.03878289552181,0.791179046999242,0.100659609978191,0.436853002070393,-9999,1.26727491035757,-0.389352943542811,0.0591766118211991,0,0.543298969072165,0.565844815709864,0.150465254646066,0.221546481320591,1.2459138953567,-0.466598024448288,-0.219927048018554,0.193421045047416,0.951188605646282,-9999,0.0307181696207895,0.271134020618557,0.226994682643991,-0.552328278456997,0.36551113444288,0.104389769969759,0,0,0,0,0,0,0,1
"38",0,"MZ724506.1",-1.03659282753018,0.79131728238292,0.103894732273949,0.43595041322314,-9999,1.2676986411372,-0.391824125426581,0.0591059953393122,0,0.543298969072165,0.586935755112586,0.150225027276877,0.221546481320591,1.24675936557815,-0.467792054440895,-0.216428935366906,0.193660698102938,0.951338593394098,-9999,0.0306475531389026,0.271134020618557,0.225602415292534,-0.548189097198442,0.367579387506939,0.104629571713607,0,0,0,0,0,0,0,1
"39",0,"MZ724507.1",-1.03218242584605,0.791442076150841,0.103894732273949,0.434156378600823,-9999,1.26789856207099,-0.391824125426581,0.0589647623755385,0,0.543298969072165,0.586935755112586,0.150480247510115,0.221546481320591,1.24695598430794,-0.470184400079515,-0.212018533682773,0.193920318960403,0.952091301313839,-9999,0.0306475531389026,0.271134020618557,0.225602415292534,-0.548189097198442,0.371703104690801,0.104640172112297,0,0,0,0,0,0,0,1
"40",0,"MZ733553.1",-1.03977178864518,0.791919015381095,0.192306889653439,0.438923395445135,-9999,1.26759272006261,-0.415502093914073,0.0593639575971732,0,0.541017653167186,0.590058478058614,0.150329837225019,0.220970537261698,1.247077273147,-0.456720475101386,-0.219607896481902,0.192903247127144,0.954671490538422,-9999,0.0306713780918728,0.272066458982347,0.209602073946093,-0.572598481123875,0.386270347356653,0.103667455750373,0,0,0,0,0,0,0,1
"41",0,"MZ741279.1",-1.04096297401533,0.792152129997617,0.10507997140013,0.4375,-9999,1.26686091558942,-0.387395312636589,0.059301668080294,0,0.540372670807453,0.583923242741592,0.150761267438988,0.221453287197232,1.24462763730481,-0.462464239872348,-0.21409812905981,0.193252898548385,0.94721846378911,-9999,0.030746395250212,0.272256728778468,0.225005353660853,-0.583823583335271,0.39191131438891,0.104428584929872,0,0,0,0,0,0,0,1
"42",0,"MZ780381.1",-1.03659282753018,0.791183760178945,0.105181271248481,0.436853002070393,-9999,1.26575722155191,-0.392338114674343,0.0591059953393122,0,0.544421487603306,0.555658773812664,0.150593951881901,0.220869565217391,1.24784968322078,-0.463875045424319,-0.216428935366906,0.193518024153971,0.95232320160395,-9999,0.0307181696207895,0.271694214876033,0.227155636896598,-0.558275762704246,0.364037294824579,0.104312689599724,0,0,0,0,0,0,0,1
"43",0,"MZ780417.1",-1.04096297401533,0.791747646453231,0.100950834654868,0.4375,-9999,1.26830253835423,-0.390932507964519,0.059301668080294,0,0.54356846473029,0.578690368424934,0.150926743273569,0.220779220779221,1.24602863013933,-0.462464239872348,-0.218188114311335,0.193637331990096,0.946540466699855,-9999,0.030746395250212,0.271784232365145,0.226919229843137,-0.589720219375647,0.39191131438891,0.104616947642728,0,0,0,0,0,0,0,1
"44",0,"MZ780900.1",-1.04096297401533,0.792298964807801,0.102152579444801,0.4375,-9999,1.26762238001299,-0.393517588706181,0.0593058598996254,0,0.543950361944157,0.582878856223686,0.150866304670184,0.221162185602775,1.24493172123135,-0.462464239872348,-0.21409812905981,0.193080087852939,0.947224954318008,-9999,0.0307485686011168,0.271975180972079,0.225790250286848,-0.590422546949566,0.39191131438891,0.104575053793641,0,0,0,0,0,0,0,1
"45",0,"MZ784987.1",-1.04096297401533,0.792199144686265,0.107995267963607,0.442348008385744,-9999,1.26863930219774,-0.53467479181837,0.059301668080294,0,0.541882109617373,0.602296942080788,0.150842888557892,0.220779220779221,1.24462031368797,-0.462464239872348,-0.218188114311335,0.193665909551998,0.945855405200711,-9999,0.0310998020921685,0.271975180972079,0.224515382531743,-0.586613018532898,0.380891098616717,0.104651764788968,0,0,0,0,0,0,0,1
"46",0,"MZ817811.1",-1.03420619155245,0.791048597560694,0.194050548217556,0.437759336099585,-9999,1.26855220724749,-0.420239572495704,0.0592932862190813,0,0.541968911917098,0.590058478058614,0.150661189947001,0.221354166666667,1.24805652015892,-0.467616993268005,-0.214042299389175,0.193741626050057,0.953920016430562,-9999,0.0306007067137809,0.271502590673575,0.209602073946093,-0.574355213894571,0.391871459180384,0.104211334260465,0,0,0,0,0,0,0,1
"47",0,"MZ849085.1",-1.03858202050959,0.791278424699613,0.0980497781358203,0.434782608695652,-9999,1.26744198027403,-0.397348686364789,0.0594010453453878,0,0.540763673890609,-9999,0.1507907115791,0.220869565217391,1.24692190687655,-0.465236039762263,-0.222491453733949,0.193598919969977,0.951213862701035,-9999,0.0306540471818053,0.273477812177503,0.21400573523136,-0.580192570900741,0.398694601540954,0.104615565449615,0,0,0,0,0,0,0,1
"48",0,"MZ849971.1",-1.04096297401533,0.791935748468909,0.103885682131636,0.4375,-9999,1.26782217863858,-0.393517588706181,0.0593058598996254,0,0.543950361944157,0.582878856223686,0.151070037916407,0.222510822510822,1.24512794342715,-0.462464239872348,-0.21409812905981,0.193100652599032,0.946772710373954,-9999,0.0307485686011168,0.271975180972079,0.225790250286848,-0.590422546949566,0.39191131438891,0.104476099353954,0,0,0,0,0,0,0,1
"49",0,"MZ854551.1",-1.04096297401533,0.791751391878869,0.0974753720149106,0.4375,-9999,1.26629676666859,-0.394223171930621,0.059301668080294,0,0.53981385729059,0.577640499562097,0.15080446836754,0.221837088388215,1.24578110033511,-0.462464239872348,-0.218188114311335,0.193308275534825,0.94721846378911,-9999,0.030746395250212,0.271975180972079,0.226919229843137,-0.582788922094495,0.39191131438891,0.104698643643706,0,0,0,0,0,0,0,1
"50",0,"MZ861063.1",-1.04096297401533,0.791809141798043,0.105944649361484,0.4375,-9999,1.2673813083255,-0.393517588706181,0.059301668080294,0,0.54300518134715,0.58496653965417,0.150504182968397,0.222126188418323,1.24513124060619,-0.462464239872348,-0.215583946172947,0.193299302087207,0.94729189126966,-9999,0.0308170766186033,0.270466321243523,0.226484198169117,-0.588683412647207,0.39191131438891,0.10458357762181,0,0,0,0,0,0,0,1
"51",0,"MZ861798.1",-1.03977178864518,0.792044852077522,0.102575200494268,0.436325678496868,-9999,1.26698549004522,-0.395415122482372,0.0593723494486853,0,0.541882109617373,0.581833377822133,0.150522751254756,0.220779220779221,1.24430623170362,-0.463116372996484,-0.216996928941182,0.19332315017384,0.947670866631039,-9999,0.030746395250212,0.271975180972079,0.226919229843137,-0.586613018532898,0.394599086650546,0.104836932183824,0,0,0,0,0,0,0,1
"52",0,"MZ908711.1",-1.04096297401533,0.792330214934105,0.10507997140013,0.4375,-9999,1.26799793620269,-0.391011107103337,0.059301668080294,0,0.541882109617373,0.582878856223686,0.150603527721102,0.220970537261698,1.24488793255113,-0.465405418463165,-0.21409812905981,0.193598793210859,0.947523204945068,-9999,0.030746395250212,0.271975180972079,0.227403436344866,-0.586613018532898,0.453643346140529,0.104725898064435,0,0,0,0,0,0,0,1
"53",0,"MZ942542.1",-1.03659282753018,0.793476509287427,0.103348369235852,0.439583333333333,-9999,1.26770616745719,-0.39371010031649,0.0591603053435115,0,0.541882109617373,0.582878856223686,0.151425958517059,0.220970537261698,1.24369658095232,-0.464850875850079,-0.243345077870591,0.193622682626113,0.94691270784422,-9999,0.030746395250212,0.271975180972079,0.219990437322801,-0.586613018532898,0.387160711630312,0.104647875790452,0,0,0,0,0,0,0,1
"54",0,"MZ943384.1",-1.03858202050959,0.792345699546335,0.102575200494268,0.436325678496868,-9999,1.26691062403125,-0.393087927629875,0.0594430308170766,0,0.541882109617373,0.582878856223686,0.15051365767856,0.220779220779221,1.24335236862571,-0.463766531782903,-0.210414243773652,0.193071033731443,0.94744462470606,-9999,0.030746395250212,0.271975180972079,0.22439806518515,-0.586613018532898,0.394599086650546,0.104830598638741,0,0,0,0,0,0,0,1
"55",0,"MZ962700.1",-1.02996194158937,0.791391825345356,0.10084659159365,0.436853002070393,-9999,1.26752298362537,-0.398969155834513,0.0589315997738835,0,0.54149377593361,-9999,0.150459026509454,0.222510822510822,1.247895132881,-0.40488723224576,-0.207187081885376,0.193722005377987,0.953835603706275,-9999,0.0306670435274166,0.271784232365145,0.208886429083289,-0.577650736249592,0.390998488552599,0.104311849049685,0,0,0,0,0,0,0,1
"56",0,"MZ964828.1",-1.04096297401533,0.791012167227026,0.0805842216362047,0.438669438669439,-9999,1.26725112041098,-0.433094827005062,0.0592723419286471,0,0.542443064182195,-9999,0.150637754474678,0.221837088388215,1.24805695542025,-0.463933747851708,-0.220799081852055,0.193334442844889,0.953355192120902,-9999,0.0306605439773932,0.271221532091097,0.225602415292534,-0.581345928294594,0.389794615235544,0.104103161531863,0,0,0,0,0,0,0,1
"57",0,"MZ965576.1",-1.04313313634788,0.790971887547563,0.0780637101633567,0.439583333333333,-9999,1.26794543397233,-0.392426669400738,0.0593429883433416,0,0.542443064182195,-9999,0.150925707278293,0.222029488291414,1.24746659019339,-0.462742562481555,-0.222969244184607,0.193944340403793,0.952069649837589,-9999,0.0306605439773932,0.271221532091097,0.225602415292534,-0.581345928294594,0.38771344903172,0.104302160762387,0,0,0,0,0,0,0,1
"58",0,"MZ965901.1",-1.04313313634788,0.790971887547563,0.0780637101633567,0.439583333333333,-9999,1.26794543397233,-0.392426669400738,0.0593429883433416,0,0.542443064182195,-9999,0.150925707278293,0.222029488291414,1.24746659019339,-0.462742562481555,-0.222969244184607,0.193944340403793,0.952069649837589,-9999,0.0306605439773932,0.271221532091097,0.225602415292534,-0.581345928294594,0.38771344903172,0.104302160762387,0,0,0,0,0,0,0,1
"59",0,"MZ970734.1",-1.03420619155245,0.790688799886887,0.193182115683602,0.437759336099585,-9999,1.26855220724749,-0.419703780767773,0.0592932862190813,0,0.544132917964694,0.592157114715535,0.15068523806466,0.220677671589922,1.24849259860761,-0.467616993268005,-0.214042299389175,0.193772550546408,0.954375022394248,-9999,0.0306713780918728,0.269989615784008,0.209602073946093,-0.578340123691551,0.391871459180384,0.104227968182105,0,0,0,0,0,0,0,1
"60",0,"MZ970735.1",-1.02996194158937,0.79069596193213,-0.000177226056258303,0.436853002070393,-9999,1.26742918039307,-0.416392778491148,0.0589732711073398,0,0.54356846473029,-9999,0.150251320290825,0.223090277777778,1.24821247331612,-0.471382722571624,-0.203097096633851,0.193283298422117,0.950520519794493,-9999,0.0308301513223024,0.271784232365145,0.206136287107687,-0.579534967870169,0.394498671316132,0.103853712585018,0,0,0,0,0,0,0,1
"61",0,"MZ970738.1",-1.02996194158937,0.790992849484994,0.108644454645724,0.436853002070393,-9999,1.26796574655194,-0.416392778491148,0.0589315997738835,0,0.54356846473029,-9999,0.150166619289274,0.222318339100346,1.24874752648708,-0.471382722571624,-0.203097096633851,0.193414605644585,0.951341117536554,-9999,0.030808366308649,0.271784232365145,0.204588761545729,-0.579534967870169,0.394498671316132,0.103795167252746,0,0,0,0,0,0,0,1
"62",0,"MZ970739.1",-1.02996194158937,0.791121609115236,0.105172228934975,0.436853002070393,-9999,1.26873344067106,-0.415243270071195,0.0589315997738835,0,0.54356846473029,-9999,0.15012844767989,0.222318339100346,1.24863642336015,-0.471382722571624,-0.203097096633851,0.193365440611698,0.951341117536554,-9999,0.030808366308649,0.271784232365145,0.204588761545729,-0.579534967870169,0.394498671316132,0.10376878303634,0,0,0,0,0,0,0,1
"63",0,"MZ970740.1",-1.02996194158937,0.791294569676914,0.108644454645724,0.436853002070393,-9999,1.26736368926017,-0.41733751167431,0.0589315997738835,0,0.54356846473029,-9999,0.150188521529037,0.222318339100346,1.24814797515699,-0.471382722571624,-0.203097096633851,0.193202514094953,0.951341117536554,-9999,0.030808366308649,0.271784232365145,0.204588761545729,-0.579534967870169,0.394498671316132,0.10381030608087,0,0,0,0,0,0,0,1
"64",0,"MZ970741.1",-1.02996194158937,0.791050493622109,0.106906834747183,0.436853002070393,-9999,1.26900479559259,-0.416392778491148,0.0589315997738835,0,0.542443064182195,-9999,0.150136218289805,0.222318339100346,1.24803673012324,-0.471382722571624,-0.203097096633851,0.193375449157269,0.950887449866543,-9999,0.030808366308649,0.273291925465839,0.204588761545729,-0.577462428268196,0.394498671316132,0.104014372031177,0,0,0,0,0,0,0,1
"65",0,"MZ970745.1",-1.02996194158937,0.791782721786523,0.108644454645724,0.436853002070393,-9999,1.26823713081032,-0.41733751167431,0.0589315997738835,0,0.54356846473029,-9999,0.150237241972958,0.222318339100346,1.24727453360684,-0.471382722571624,-0.203097096633851,0.193265188074013,0.951341117536554,-9999,0.030808366308649,0.271784232365145,0.204588761545729,-0.579534967870169,0.394498671316132,0.103843981651708,0,0,0,0,0,0,0,1
"66",0,"MZ970752.1",-1.02996194158937,0.791409918739549,0.108644454645724,0.436853002070393,-9999,1.26790647323482,-0.41733751167431,0.0589315997738835,0,0.54356846473029,-9999,0.150192493745424,0.222318339100346,1.24782255527036,-0.471382722571624,-0.203097096633851,0.193207623954113,0.951341117536554,-9999,0.030808366308649,0.271784232365145,0.204588761545729,-0.579534967870169,0.394498671316132,0.103813051676837,0,0,0,0,0,0,0,1
"67",0,"MZ970753.1",-1.02996194158937,0.79122347645474,0.108644454645724,0.436853002070393,-9999,1.26817775909911,-0.41733751167431,0.0589315997738835,0,0.54356846473029,-9999,0.15019106267045,0.222318339100346,1.24809645895503,-0.471382722571624,-0.207187081885376,0.193446088719539,0.951341117536554,-9999,0.030808366308649,0.271784232365145,0.206502637728013,-0.579534967870169,0.394498671316132,0.103812062517815,0,0,0,0,0,0,0,1
"68",0,"MZ970754.1",-1.02996194158937,0.791409918739549,0.108644454645724,0.436853002070393,-9999,1.26790647323482,-0.41733751167431,0.0589315997738835,0,0.54356846473029,-9999,0.150192493745424,0.222318339100346,1.24782255527036,-0.471382722571624,-0.203097096633851,0.193207623954113,0.951341117536554,-9999,0.030808366308649,0.271784232365145,0.204588761545729,-0.579534967870169,0.394498671316132,0.103813051676837,0,0,0,0,0,0,0,1
"69",0,"MZ970755.1",-1.02996194158937,0.791050493622109,0.106906834747183,0.436853002070393,-9999,1.26900479559259,-0.416392778491148,0.0589315997738835,0,0.542443064182195,-9999,0.150158549264887,0.222318339100346,1.24803673012324,-0.471382722571624,-0.203097096633851,0.193404211453174,0.950887449866543,-9999,0.030808366308649,0.273291925465839,0.204588761545729,-0.577462428268196,0.394498671316132,0.104029842930714,0,0,0,0,0,0,0,1
"70",0,"MZ970756.1",-1.02996194158937,0.791409918739549,0.108644454645724,0.436853002070393,-9999,1.26834308014709,-0.416392778491148,0.0589315997738835,0,0.54356846473029,-9999,0.150166281206287,0.222318339100346,1.24782255527036,-0.471382722571624,-0.203097096633851,0.193414170193698,0.951341117536554,-9999,0.030808366308649,0.271784232365145,0.204588761545729,-0.579534967870169,0.394498671316132,0.103794933569786,0,0,0,0,0,0,0,1
"71",0,"MZ970757.1",-1.02996194158937,0.791165807105144,0.108644454645724,0.436853002070393,-9999,1.26834308014709,-0.416392778491148,0.0589315997738835,0,0.54356846473029,-9999,0.150181046290897,0.222318339100346,1.24825916218263,-0.471382722571624,-0.203097096633851,0.193433187622675,0.951341117536554,-9999,0.030808366308649,0.271784232365145,0.204588761545729,-0.579534967870169,0.394498671316132,0.103805139196268,0,0,0,0,0,0,0,1
"72",0,"MZ970764.1",-1.02996194158937,0.791409918739549,0.108644454645724,0.436853002070393,-9999,1.26790647323482,-0.41733751167431,0.0589315997738835,0,0.54356846473029,-9999,0.150192493745424,0.222318339100346,1.24782255527036,-0.471382722571624,-0.203097096633851,0.193207623954113,0.951341117536554,-9999,0.030808366308649,0.271784232365145,0.204588761545729,-0.579534967870169,0.394498671316132,0.103813051676837,0,0,0,0,0,0,0,1
"73",0,"MZ970783.1",-1.04096297401533,0.791273897396914,0.0780637101633567,0.438669438669439,-9999,1.26690911755989,-0.395258195596476,0.0592723419286471,0,0.541882109617373,-9999,0.150468431839881,0.222029488291414,1.24643293856219,-0.463933747851708,-0.220799081852055,0.193493750209431,0.952069649837589,-9999,0.0306605439773932,0.271975180972079,0.225602415292534,-0.580311267053818,0.389794615235544,0.104318369678128,0,0,0,0,0,0,0,1
"74",0,"MZ970793.1",-1.04215558000045,0.791362960012179,0.0780637101633567,0.438669438669439,-9999,1.2670208457842,-0.396407704016429,0.0592016955139526,0,0.544513457556936,-9999,0.150905888572896,0.222029488291414,1.24783016860193,-0.461810123264307,-0.228815478006373,0.19391887273619,0.952446260991898,-9999,0.0306605439773932,0.271221532091097,0.228833679616174,-0.585155456711262,0.389241877834137,0.104288464395919,0,0,0,0,0,0,0,1
"75",0,"MZ970801.1",-1.04790641510054,0.791244149859647,0.0788496158239965,0.436853002070393,-9999,1.26746144840535,-0.414374453043306,0.0590604026845638,0,0.542827657378741,-9999,0.15101494015286,0.219618055555556,1.2473983972606,-0.458638891976991,-0.230509512410845,0.193337598539649,0.951162268759903,-9999,0.0306605439773932,0.273477812177503,0.228461972810653,-0.543148629192586,0.393391261380948,0.104604297717348,0,0,0,0,0,0,0,1
"76",0,"MZ970807.1",-1.04215558000045,0.791167168125663,-0.00720702234848907,0.438669438669439,-9999,1.2669271513603,-0.398298063747598,0.0592016955139526,0,0.545077720207254,-9999,0.150688643519747,0.222029488291414,1.24774449662532,-0.461810123264307,-0.230248324136297,0.194188873945702,0.952673371872996,-9999,0.0306605439773932,0.270466321243523,0.229516314613671,-0.586191189584794,0.389241877834137,0.10430441991638,0,0,0,0,0,0,0,1
"77",0,"MZ970808.1",-1.04096297401533,0.791158441951171,0.0789366756279181,0.438669438669439,-9999,1.26707399381152,-0.397459609150834,0.0592723419286471,0,0.541882109617373,-9999,0.150453889961855,0.222222222222222,1.24659515003259,-0.463933747851708,-0.220799081852055,0.193475050190564,0.952296697985554,-9999,0.0306605439773932,0.271975180972079,0.225602415292534,-0.580311267053818,0.389794615235544,0.104308287928826,0,0,0,0,0,0,0,1
"78",0,"MZ970810.1",-1.04096297401533,0.791425345740205,0.0780637101633567,0.438669438669439,-9999,1.2678279551772,-0.394313462413315,0.0592723419286471,0,0.542443064182195,-9999,0.150665766567445,0.222029488291414,1.24689374745498,-0.463933747851708,-0.212602314647877,0.193678800404084,0.952446260991898,-9999,0.0306605439773932,0.271221532091097,0.221763638985369,-0.581345928294594,0.389794615235544,0.104288584832968,0,0,0,0,0,0,0,1
"79",0,"MZ977241.1",-1.04790641510054,0.78980758407464,0.136591608079001,0.439330543933054,-9999,1.26671369791686,-0.374752521420634,0.0594721491072064,0,0.539501039501039,0.575765934161289,0.151431269572678,0.219982471516214,1.24829833782254,-0.456677591149758,-0.223475033872976,0.19270888980485,0.950181287477486,-9999,0.0305186028313296,0.273388773388773,0.207631225724076,-0.575644958920277,0.386999962475617,0.104633967565274,0,0,0,0,0,0,0,1
"80",0,"MZ977726.1",-1.03878289552181,0.791471762112301,0.139524328022134,0.438669438669439,-9999,1.26607464623807,-0.404918704390839,0.0592016955139526,0,0.541407867494824,0.586665050631951,0.150889296562418,0.219237435008666,1.24730828643516,-0.478767153183336,-0.214529018107014,0.193589288276425,0.948899767144113,-9999,0.0306605439773932,0.270186335403727,0.272632784941833,-0.577762777310539,0.424832194238719,0.103871328158231,0,0,0,0,0,0,0,1
"81",0,"MZ978262.1",-1.03539879753757,0.790724002614064,0.143885433931146,0.438669438669439,-9999,1.26533171517669,-0.44734158360367,0.0592100614710662,0,0.541407867494824,0.585615181769114,0.150869715678252,0.220191470844212,1.24919339271494,-0.469915182560877,-0.219308230761934,0.193804022683668,0.94929346805887,-9999,0.0306648767045856,0.272256728778468,0.211621943876083,-0.577762777310539,0.420758868851083,0.103857848789639,0,0,0,0,0,0,0,1
"82",0,"MZ978268.1",-1.04117238291919,0.791888067996538,0.142134159864505,0.440993788819876,-9999,1.26446615421079,-0.41194126758618,0.0590604026845638,0,0.541882109617373,0.585615181769114,0.150853734542574,0.219808861859253,1.24832217639651,-0.453458180608295,-0.216918505504395,0.193064000487714,0.948521959207741,-9999,0.0306605439773932,0.271975180972079,0.207775785288605,-0.578638336325882,0.410489550716722,0.103846847467305,0,0,0,0,0,0,0,1
"83",0,"MZ978279.1",-1.03878289552181,0.790955732512611,0.140392007035356,0.439583333333333,-9999,1.26642424284388,-0.41194126758618,0.0592016955139526,0,0.541407867494824,0.579572867313151,0.150896291273061,0.219427580225499,1.2481081897449,-0.462681015431712,-0.222692328746175,0.193358363698072,0.949503777180487,-9999,0.0306605439773932,0.272256728778468,0.211621943876083,-0.583805091766502,0.416647245096877,0.104355940705535,0,0,0,0,0,0,0,1
"84",0,"MZ978320.1",-1.03878289552181,0.79053392249924,0.13865589548818,0.438669438669439,-9999,1.26605314995886,-0.413111985037753,0.0592016955139526,0,0.541882109617373,0.567616855661256,0.15081037718764,0.219808861859253,1.24904451308376,-0.462681015431712,-0.219927048018554,0.193248273470967,0.949956838740155,-9999,0.0306605439773932,0.271975180972079,0.210313899216068,-0.578638336325882,0.418728411300701,0.103817000512318,0,0,0,0,0,0,0,1
"85",0,"MZ978563.1",-1.03878289552181,0.792614485714454,0.147401830465228,0.436590436590437,-9999,1.26581217076541,-0.41243474481343,0.0592016955139526,0,0.542916235780765,0.584564209523139,0.150824397670383,0.220575414123801,1.24705616685676,-0.462681015431712,-0.221385992832119,0.193026454888169,0.950637039330866,-9999,0.0306605439773932,0.271975180972079,0.211003351380554,-0.580544914596463,0.423479014059299,0.103586867716384,0,0,0,0,0,0,0,1
"86",0,"MZ979065.1",-1.03878289552181,0.791692209335233,0.142134159864505,0.438669438669439,-9999,1.26644803337636,-0.409628155420349,0.0592016955139526,0,0.541407867494824,0.586665050631951,0.150850806158485,0.219808861859253,1.24768907180723,-0.468071864066588,-0.222692328746175,0.19353990551653,0.950107787216862,-9999,0.0306605439773932,0.272256728778468,0.210847980889166,-0.577762777310539,0.420758868851083,0.10360500518357,0,0,0,0,0,0,0,1
"87",0,"MZ979100.1",-1.04117238291919,0.790902188979785,0.142134159864505,0.440993788819876,-9999,1.26634168380558,-0.410056252890409,0.0590604026845638,0,0.541882109617373,0.585615181769114,0.150858901929563,0.219808861859253,1.25019604552136,-0.461373640947767,-0.225081816143556,0.193790131572475,0.949277367934871,-9999,0.0306605439773932,0.271975180972079,0.211621943876083,-0.578638336325882,0.413443762614154,0.103610565395185,0,0,0,0,0,0,0,1
"88",0,"MZ983984.1",-1.04096297401533,0.791709365335012,0.0780637101633567,0.439583333333333,-9999,1.26717387352095,-0.394313462413315,0.0592723419286471,0,0.540372670807453,-9999,0.150907640043657,0.222029488291414,1.2466934154551,-0.463933747851708,-0.220799081852055,0.193921123431897,0.952069649837589,-9999,0.0306605439773932,0.271221532091097,0.225602415292534,-0.577521831856191,0.38771344903172,0.104289674807241,0,0,0,0,0,0,0,1
"89",0,"MZ984080.1",-1.04096297401533,0.792298964807801,0.102152579444801,0.4375,-9999,1.26762238001299,-0.393517588706181,0.0593058598996254,0,0.543950361944157,0.582878856223686,0.150954023919726,0.221162185602775,1.24493172123135,-0.462464239872348,-0.21409812905981,0.193259610241177,0.947224954318008,-9999,0.0307485686011168,0.271975180972079,0.225790250286848,-0.590422546949566,0.39191131438891,0.104562102555861,0,0,0,0,0,0,0,1
"90",0,"MZ984461.1",-1.04096297401533,0.791138679764922,0.0780637101633567,0.438669438669439,-9999,1.26742054764691,-0.399331779238786,0.0592765296029391,0,0.541968911917098,-9999,0.15112482992563,0.222029488291414,1.24821720601589,-0.463933747851708,-0.220799081852055,0.194027891690801,0.952606087939126,-9999,0.0306627101879327,0.271502590673575,0.225602415292534,-0.580471440912007,0.389794615235544,0.104124284733449,0,0,0,0,0,0,0,1
"91",0,"MZ987731.1",-1.04215558000045,0.791705497988234,0.078918622316489,0.438669438669439,-9999,1.26804050603035,-0.396203822144483,0.0592016955139526,0,0.543094496365524,-9999,0.151127279480409,0.221070811744387,1.24751781189005,-0.461810123264307,-0.224758677310759,0.194754133684483,0.951239104767573,-9999,0.0308018368067821,0.272066458982347,0.230436307114371,-0.549756307629876,0.389241877834137,0.10436700480864,0,0,0,0,0,0,0,1
"92",0,"MZ990136.1",-1.0389851731688,0.791956591966268,0.0789366756279181,0.43595041322314,-1.51444806890747,1.2663740141536,-0.402428875111512,0.0590106007067138,0,0.543478260869565,-9999,0.151456649903631,0.222222222222222,1.24715343580839,-0.462079007913423,-0.216039340414016,0.194385445576953,0.953841051012586,-9999,0.0306713780918728,0.271221532091097,0.223521429600259,-0.579083699832135,0.39490870198272,0.104186740061096,0,0,0,0,0,0,0,1
"93",0,"MZ995597.1",-1.03659282753018,0.791885506941114,0.102490414493396,0.435684647302905,-9999,1.26811164677543,-0.393517588706181,0.0591603053435115,0,0.54300518134715,0.582878856223686,0.150482327799037,0.222126188418323,1.24628528452456,-0.464850875850079,-0.213817967826186,0.193202988641506,0.948428193627922,-9999,0.030746395250212,0.270466321243523,0.226919229843137,-0.588683412647207,0.396069324537574,0.104641618692791,0,0,0,0,0,0,0,1
"94",0,"MZ995753.1",-1.04096297401533,0.791550146709336,0.0780637101633567,0.438669438669439,-9999,1.2680278807398,-0.39148860177776,0.0592723419286471,0,0.542443064182195,-9999,0.150903716890617,0.222029488291414,1.2466541737717,-0.463933747851708,-0.220799081852055,0.193367878877325,0.951992282799589,-9999,0.0306605439773932,0.271221532091097,0.224829474260274,-0.581345928294594,0.389794615235544,0.10388125502963,0,0,0,0,0,0,0,1
"95",0,"OK012635.1",-1.03878289552181,0.789167467505127,0.0940091640384243,0.436853002070393,-9999,1.26676705494858,-0.401283052228046,0.0591849706900205,0,0.542355371900826,0.59366162934514,0.150337559499731,0.221354166666667,1.2488760975759,-0.465126353836831,-0.214705104037403,0.193017121845747,0.953013790843985,-9999,0.0306518821950703,0.271694214876033,0.222220210876006,-0.575657753457191,0.364956461909104,0.104061404821186,0,0,0,0,0,0,0,1
"96",0,"OK012654.1",-1.03659282753018,0.789588793892215,0.0946651363879424,0.436853002070393,-9999,1.26593553045193,-0.400882418844505,0.0591143442333498,0,0.542355371900826,0.59366162934514,0.150361956145516,0.221546481320591,1.24848638461524,-0.466320383829439,-0.216588361433406,0.192808632760758,0.95361696412933,-9999,0.0306518821950703,0.271694214876033,0.223365995982016,-0.575657753457191,0.364956461909104,0.104078291813643,0,0,0,0,0,0,0,1
"97",0,"OK012708.1",-1.04694027812379,0.789651679440302,0.139998291337958,0.438155136268344,-9999,1.2689304308656,-0.37845913844466,0.0593298712385288,0,0.538541666666667,0.578612305616311,0.151527025747631,0.220472440944882,1.25006320800004,-0.466542867156575,-0.222508896896226,0.193311023338896,0.952005051944813,-9999,0.0305186028313296,0.273958333333333,0.20883098591598,-0.569958861499577,0.393198121485442,0.104459993978161,0,0,0,0,0,0,0,1
"98",0,"OK012710.1",-1.03659282753018,0.789349391947352,0.100085203857282,0.436853002070393,-9999,1.26636525916069,-0.401422025276977,0.0591143442333498,0,0.542355371900826,0.591567387742025,0.150367689610805,0.221546481320591,1.24934656684254,-0.466320383829439,-0.21251503604577,0.192815984764095,0.953162644476829,-9999,0.0306518821950703,0.271694214876033,0.21950089966847,-0.575657753457191,0.364956461909104,0.10408226043236,0,0,0,0,0,0,0,1
"99",0,"OK012716.1",-1.04215558000045,0.790520269023651,0.143002592398459,0.438669438669439,-9999,1.26528752910392,-0.410056252890409,0.0592016955139526,0,0.542443064182195,0.585615181769114,0.150891432646482,0.220486111111111,1.24915533111052,-0.460834292838547,-0.226065013224814,0.193592028848507,0.949503777180487,-9999,0.0306605439773932,0.271221532091097,0.211621943876083,-0.579672997566658,0.418728411300701,0.103872798626275,0,0,0,0,0,0,0,1
"100",0,"OK012749.1",-1.03659282753018,0.78940225778694,0.100085203857282,0.436853002070393,-9999,1.26593553045193,-0.400340989040145,0.0591143442333498,0,0.542355371900826,0.59366162934514,0.150393658398793,0.221546481320591,1.24892261326115,-0.466320383829439,-0.21251503604577,0.193089146748052,0.95338976370983,-9999,0.0306518821950703,0.271694214876033,0.221452119799732,-0.575657753457191,0.364956461909104,0.10410023563808,0,0,0,0,0,0,0,1
"101",0,"OK012832.1",-0.903061434905658,0.789927400426154,0.0948723336687483,0.438669438669439,-9999,1.26723175254557,-0.402299853525478,0.0591143442333498,0,0.543388429752066,0.592941221861187,0.150105881590244,0.221546481320591,1.24802465743292,-0.466320383829439,-0.21251503604577,0.193027531437933,0.953695448179897,-9999,0.0307931351084116,0.271694214876033,0.221452119799732,-0.581414272919267,0.360807078362292,0.104067016949147,0,0,0,0,0,0,0,1
"102",0,"OK012856.1",-1.03659282753018,0.789526700485417,0.100085203857282,0.435051546391753,-9999,1.26624146985277,-0.400340989040145,0.0591143442333498,0,0.542355371900826,0.592615056774469,0.150406106906006,0.221546481320591,1.24966648678202,-0.466320383829439,-0.21251503604577,0.193105129281236,0.95338976370983,-9999,0.0306518821950703,0.271694214876033,0.221452119799732,-0.575657753457191,0.313518848039203,0.104108852308145,0,0,0,0,0,0,0,1
"103",0,"OK012862.1",-1.03659282753018,0.789095956795458,0.0983430510281331,0.436853002070393,-9999,1.2664064094737,-0.400340989040145,0.0591143442333498,0,0.542355371900826,0.59366162934514,0.150376087770163,0.221162185602775,1.2489567861947,-0.466320383829439,-0.21251503604577,0.193066587966477,0.952935606391652,-9999,0.0306518821950703,0.271694214876033,0.221452119799732,-0.575657753457191,0.364956461909104,0.104088073512361,0,0,0,0,0,0,0,1
"104",0,"OK012891.1",-1.04117238291919,0.791576810718611,0.142134159864505,0.440993788819876,-9999,1.26694312643084,-0.410056252890409,0.0590604026845638,0,0.541882109617373,0.587713818426035,0.150589245550638,0.219808861859253,1.24904968234415,-0.461373640947767,-0.225081816143556,0.193511976368416,0.949277367934871,-9999,0.0306605439773932,0.271975180972079,0.211621943876083,-0.578638336325882,0.413443762614154,0.103829846056411,0,0,0,0,0,0,0,1
"105",0,"OK012900.1",-1.03659282753018,0.78965570672061,0.100085203857282,0.434511434511435,-9999,1.26646507513445,-0.404254888361282,0.0591143442333498,0,0.542355371900826,0.59366162934514,0.150372264746629,0.221546481320591,1.24900863026699,-0.466320383829439,-0.21251503604577,0.192821851445438,0.954141091029718,-9999,0.0306518821950703,0.271694214876033,0.22382178915505,-0.575657753457191,0.370330959873548,0.104085427272786,0,0,0,0,0,0,0,1
"106",0,"OK012902.1",-1.02979008020743,0.789420688736303,0.0979972189660545,0.436853002070393,-9999,1.26552317947745,-0.400340989040145,0.0591143442333498,0,0.543478260869565,0.59366162934514,0.15036524653824,0.222896790980052,1.24894046195326,-0.466084451222315,-0.205712288723017,0.192812852020326,0.951884634037783,-9999,0.0306518821950703,0.270186335403727,0.221452119799732,-0.57772600652125,0.363484791297647,0.104080569374156,0,0,0,0,0,0,0,1
"107",0,"OK012906.1",-1.02979008020743,0.789717743203365,0.100953636391235,0.436853002070393,-9999,1.26703201548945,-0.540991452741011,0.0591143442333498,0,0.542355371900826,0.595751494264599,0.150370310100645,0.222222222222222,1.24782794773832,-0.470003629245736,-0.208319852130098,0.193059170065421,0.951956872630559,-9999,0.0306518821950703,0.271694214876033,0.222675978704207,-0.575657753457191,0.364956461909104,0.10408407429614,0,0,0,0,0,0,0,1
"108",0,"OK012913.1",-1.03659282753018,0.789229660543783,0.0966069394809566,0.436853002070393,-9999,1.26610047319205,-0.400340989040145,0.0591143442333498,0,0.542355371900826,0.59366162934514,0.150136016012463,0.221546481320591,1.24908533933454,-0.466320383829439,-0.21251503604577,0.193066282571938,0.953844245774028,-9999,0.0306518821950703,0.271694214876033,0.221452119799732,-0.575657753457191,0.364956461909104,0.104087908864871,0,0,0,0,0,0,0,1
"109",0,"OK013022.1",-1.04694027812379,0.790018228899087,0.126597976195976,0.438155136268344,-9999,1.26815345290017,-0.373151714718687,0.0593298712385288,0,0.539501039501039,0.578779730345334,0.15168638746624,0.2215411558669,1.24884592628162,-0.466542867156575,-0.222508896896226,0.193208135934055,0.952763330597486,-9999,0.0305186028313296,0.273388773388773,0.20883098591598,-0.573689924084473,0.393198121485442,0.104404396436415,0,0,0,0,0,0,0,1
"110",0,"OK013047.1",-1.03659282753018,0.78965570672061,0.107689803242501,0.436853002070393,-9999,1.26624146985277,-0.400340989040145,0.0591143442333498,0,0.542355371900826,0.58980806002915,0.150183445075169,0.221546481320591,1.24835793548696,-0.466320383829439,-0.21251503604577,0.192887363962357,0.953844245774028,-9999,0.0306518821950703,0.271694214876033,0.221452119799732,-0.579511322773181,0.364956461909104,0.104120790994606,0,0,0,0,0,0,0,1
"111",0,"OK013059.1",-1.03659282753018,0.789512779518093,0.101836477923923,0.436853002070393,-9999,1.2663477896455,-0.400340989040145,0.0591143442333498,0,0.543298969072165,0.59366162934514,0.150149468184628,0.221932114882507,1.24890498262559,-0.469265894059196,-0.21251503604577,0.19332343667222,0.954141091029718,-9999,0.0306518821950703,0.271134020618557,0.22382178915505,-0.577396055186078,0.366067752374961,0.104097235131196,0,0,0,0,0,0,0,1
"112",0,"OK013201.1",-1.03659282753018,0.789832870799137,0.100085203857282,0.436853002070393,-9999,1.26566418770853,-0.400340989040145,0.0591143442333498,0,0.542355371900826,0.59366162934514,0.150379764029323,0.221546481320591,1.24821276836749,-0.466320383829439,-0.21251503604577,0.19283146775052,0.95338976370983,-9999,0.0306518821950703,0.271694214876033,0.221452119799732,-0.575657753457191,0.364956461909104,0.104090618163838,0,0,0,0,0,0,0,1
"113",0,"OK013374.1",-1.03878289552181,0.790671672457203,0.135059558596153,0.438669438669439,-9999,1.26432457363767,-0.410056252890409,0.0592016955139526,0,0.541882109617373,0.589761860094442,0.151036039690389,0.219808861859253,1.24992253327521,-0.462681015431712,-0.222692328746175,0.193469974651023,0.949956838740155,-9999,0.0306605439773932,0.271975180972079,0.207692665736194,-0.574491658000554,0.418728411300701,0.10356757007341,0,0,0,0,0,0,0,1
"114",0,"OK013505.1",-1.04574195563168,0.789508186197467,0.136591608079001,0.438155136268344,-9999,1.26917301099102,-0.375945613270174,0.0594010101728676,0,0.539501039501039,0.577720968997092,0.151637688555299,0.220858895705521,1.24943811621058,-0.45639409421317,-0.229507341608295,0.192906173415285,0.950789208966595,-9999,0.0305186028313296,0.273388773388773,0.212691994573439,-0.573689924084473,0.389124796097806,0.104850743510547,0,0,0,0,0,0,0,1
"115",0,"OK013508.1",-1.05245339021967,0.789526457163194,0.134838759251586,0.438155136268344,-9999,1.26872920498059,-0.359950643141631,0.0594010101728676,0,0.539501039501039,0.57983737190347,0.151619019691497,0.220858895705521,1.24942627101823,-0.447220090354623,-0.236218776196282,0.193362230809092,0.951245934892022,-9999,0.0305186028313296,0.273388773388773,0.21666025374906,-0.573689924084473,0.387094338547424,0.104118124281819,0,0,0,0,0,0,0,1
"116",0,"OK013589.1",-1.04574195563168,0.789517307232811,0.105553099188745,0.438155136268344,-9999,1.26822472574287,-0.377916057257473,0.0594010101728676,0,0.54006243496358,0.578779730345334,0.15140006520288,0.220472440944882,1.2493614731635,-0.467205010317385,-0.221310574404117,0.19314905307182,0.951776520456242,-9999,0.0305186028313296,0.273673257023933,0.20883098591598,-0.574729965779887,0.393198121485442,0.10437246967235,0,0,0,0,0,0,0,1
"117",0,"OK013808.1",-1.04117238291919,0.79003653790734,0.145624564804273,0.440993788819876,-9999,1.26642424284388,-0.41060752921985,0.0590604026845638,0,0.542916235780765,0.586665050631951,0.150846919263173,0.219808861859253,1.25072476875904,-0.461373640947767,-0.225081816143556,0.193534918673101,0.949277367934871,-9999,0.0306605439773932,0.271975180972079,0.211621943876083,-0.580544914596463,0.413443762614154,0.103842155867971,0,0,0,0,0,0,0,1
"118",0,"OK013935.1",-1.04356759364515,0.790384624174462,0.135827572081984,0.437238493723849,-9999,1.26795233428105,-0.379922928913902,0.0593298712385288,0,0.54006243496358,0.562871604764973,0.151708363619781,0.220665499124343,1.24864786967608,-0.457592416705279,-0.200253476145541,0.192756037953614,0.952005051944813,-9999,0.0305186028313296,0.272632674297607,0.208781386810279,-0.570531135041312,0.391219037700921,0.103939432669881,0,0,0,0,0,0,0,1
"119",0,"OK013996.1",-1.04790641510054,0.789749514257416,0.137470726307731,0.439330543933054,-9999,1.26671369791686,-0.37530713063344,0.0594721491072064,0,0.539501039501039,0.575765934161289,0.151442918393734,0.220175438596491,1.24829833782254,-0.456677591149758,-0.223475033872976,0.192723713898841,0.950409463327652,-9999,0.0305186028313296,0.273388773388773,0.207631225724076,-0.575644958920277,0.386999962475617,0.104642016512945,0,0,0,0,0,0,0,1
"120",0,"OK014145.1",-1.04694027812379,0.791536737664422,0.14099185670631,0.438155136268344,-9999,1.26912469655352,-0.378097849157706,0.0593298712385288,0,0.537422037422037,0.58089389603767,0.151647401011066,0.221052631578947,1.24630502704425,-0.455731951052359,-0.247777059103127,0.19291852913433,0.952384296012089,-9999,0.0305186028313296,0.273388773388773,0.211340784005899,-0.569828915427014,0.389124796097806,0.10461751082409,0,0,0,0,0,0,0,1
"121",0,"OK014299.1",-1.04356759364515,0.790066996972728,0.135827572081984,0.436325678496868,-9999,1.26721214244647,-0.381308143220735,0.0593298712385288,0,0.54006243496358,0.558672774026398,0.151405282025488,0.2215411558669,1.24878953601423,-0.457592416705279,-0.192022977009026,0.192915763468292,0.951625598277528,-9999,0.0304474638969908,0.272632674297607,0.204927817494289,-0.574729965779887,0.39330890262038,0.104376066055606,0,0,0,0,0,0,0,1
"122",0,"OK014707.1",-1.04574195563168,0.790639272737137,0.136591608079001,0.438155136268344,-9999,1.26878976338539,-0.375585216402633,0.0594010101728676,0,0.539501039501039,0.578779730345334,0.151379830603439,0.220858895705521,1.24816260362091,-0.448427988811637,-0.217186857220255,0.192643429436707,0.950409463327652,-9999,0.0305186028313296,0.273388773388773,0.206126139986398,-0.573689924084473,0.386161830967149,0.104358520305065,0,0,0,0,0,0,0,1
"123",0,"OK014859.1",-1.04574195563168,0.789776846124078,0.136591608079001,0.438155136268344,-9999,1.26872389580023,-0.377916057257473,0.0594010101728676,0,0.539501039501039,0.577720968997092,0.151645384158861,0.220858895705521,1.24941436573617,-0.467205010317385,-0.221310574404117,0.193155908620068,0.952005051944813,-9999,0.0305186028313296,0.273388773388773,0.20883098591598,-0.573689924084473,0.393198121485442,0.104376174223267,0,0,0,0,0,0,0,1
"124",0,"OK015370.1",-1.04574195563168,0.789714305475629,0.135714799605466,0.438155136268344,-9999,1.26788094675546,-0.375808574917909,0.0594010101728676,0,0.539021852237253,0.577720968997092,0.151632913766966,0.220665499124343,1.24988748229821,-0.467205010317385,-0.221310574404117,0.193140024655708,0.951548071247234,-9999,0.0305186028313296,0.27159209157128,0.206852745903874,-0.572801324873482,0.393198121485442,0.104367590963022,0,0,0,0,0,0,0,1
"125",0,"OK015482.1",-1.04117238291919,0.791399850938587,0.141261947920675,0.439834024896266,-9999,1.26621144910963,-0.410862388589238,0.0590604026845638,0,0.541882109617373,0.585615181769114,0.150795649921105,0.219618055555556,1.24875850012122,-0.461373640947767,-0.225081816143556,0.193469140677793,0.949126113321886,-9999,0.0306605439773932,0.271975180972079,0.212398357870774,-0.578638336325882,0.416077114049594,0.103806862346325,0,0,0,0,0,0,0,1
"126",0,"OK016680.1",-1.03878289552181,0.790729880834733,0.142134159864505,0.438669438669439,-9999,1.26560344829927,-0.446248270013219,0.0592016955139526,0,0.541882109617373,0.58980806002915,0.150825108769978,0.219808861859253,1.24901967897672,-0.468071864066588,-0.225310131288254,0.193267150506522,0.948069635914597,-9999,0.0306605439773932,0.271975180972079,0.212865149991464,-0.578638336325882,0.420758868851083,0.103827141649286,0,0,0,0,0,0,0,1
"127",0,"OK016840.1",-1.04574195563168,0.789276001261414,0.135714799605466,0.438155136268344,-9999,1.26772032519495,-0.376973105749603,0.0594010101728676,0,0.54006243496358,0.577720968997092,0.151670220619452,0.220175438596491,1.25017402311613,-0.467205010317385,-0.221310574404117,0.19342752819506,0.952005051944813,-9999,0.0305186028313296,0.272632674297607,0.20883098591598,-0.574729965779887,0.393198121485442,0.104153284412725,0,0,0,0,0,0,0,1
